log_id,asset_id,event_ts,status,labor_hours,cost_usd,technician
LOG-1334,AST-0008,2025/06/07 22:09,Offline,5.1,454.14,arossi
LOG-1161,AST-0031,2025-02-22 00:27:00, op,1.82,185.54,jchen
LOG-1733,AST-0015,2025/06/13 21:13,DEGRADED,11.51,1429.02,
LOG-1036,AST-0035,05/17/2025 01:56,degraded,3.46,357.53,
LOG-1899,AST-0015,23-Feb-2025 22:49:00,OFFLINE,2.26 hrs,$213.10,tpatel
LOG-1059,AST-0037,17-Jun-2025 16:45:00,DEGRADED,5.76,$599.91,kwilliams
LOG-1675,AST-0009,08-Jun-2025 15:23:00,off-line,8.32,1019.26,jchen
LOG-1234,AST-0016,04/04/2025 22:24,offline,4.14,445.97,mrodriguez
LOG-1889,AST-0015,2025/03/03 04:47,DEGRADED,6.24,$613.13,tpatel
LOG-1385,AST-0026,26-May-2025 01:08:00,offline,3.75,517.21,jchen
LOG-1552,AST-0039,06/20/2025 00:27,DEGRADED ,9.3,989.62,
LOG-1571,AST-0002,2025-03-27 18:47:00,Op.,7.87 hrs,928.34,jchen
LOG-1845,AST-0021,27-Jan-2025 08:12:00, op,8.24,799.31,
LOG-1377,AST-0034,2025/03/30 05:40,operational,4.32,512.07,jchen
LOG-1136,AST-0038,14-May-2025 20:04:00,OPERATIONAL,4.39,520.51,
LOG-1342,AST-0035,2025-04-24 10:31:00,OFFLINE,8.03,651.91,kwilliams
LOG-1041,AST-0030,08-May-2025 08:00:00,degraded,7.37,907.26,tpatel
LOG-1113,AST-0010,2025-02-13 00:16:00,Operational ,2.57,322.83,
LOG-1120,AST-0019,02/15/2025 20:59,DEGRADED,7.1,717.02,kwilliams
LOG-1708,AST-0011,2025-02-01 19:20:00,Operational ,5.31,$463.25,tpatel
LOG-1445,AST-0028,26-May-2025 06:21:00,offline,9.61,877.53,mrodriguez
LOG-1410,AST-0027,02/16/2025 22:22,Op.,8.99 hrs,1001.06,mrodriguez
LOG-1728,AST-0003,05/16/2025 21:29,Offline,11.08,"$1,453.02",tpatel
LOG-1491,AST-0028,06/15/2025 11:29,OFF LINE,11.03,1251.25,tpatel
LOG-1332,AST-0022,2025-04-30 03:16:00,Operational ,2.87,302.01,arossi
LOG-1666,AST-0030,2025-05-07 13:25:00,Op.,7.79,$992.92,
LOG-1263,AST-0035,05/05/2025 07:49,DEGRADED,,$43.08,kwilliams
LOG-1828,AST-0009,2025/02/06 01:09,OP,11.39,"$1,467.74",mrodriguez
LOG-1301,AST-0029,14-May-2025 22:42:00,DEGRADED,6.04,$681.08,arossi
LOG-1418,AST-0026,2025/03/07 11:50,OFFLINE,6.33,$532.46,arossi
LOG-1248,AST-0009,2025/06/25 06:24,Operational ,10.44,"$1,377.71",mrodriguez
LOG-1029,AST-0005,2025/03/24 21:44,OFF LINE,2.53,$277.45,jchen
LOG-1345,AST-0013,22-May-2025 14:57:00,offline,4.46,399.72,
LOG-1688,AST-0026,02/16/2025 10:49, op,1.3,116.71,
LOG-1338,AST-0013,2025-01-04 06:16:00,offline,2.91,$287.29,tpatel
LOG-1606,AST-0019,28-Mar-2025 06:32:00,offline,9.65,1306.01,kwilliams
LOG-1386,AST-0036,06/09/2025 05:54,OPERATIONAL,0.31,34.79,
LOG-1355,AST-0032,06/08/2025 06:32, op,4.02,388.69,kwilliams
LOG-1608,AST-0013,04/17/2025 05:03,degraded,0.51,54.43,arossi
LOG-1211,AST-0003,01/20/2025 06:30, op,,$543.02,kwilliams
LOG-1672,AST-0032,01/22/2025 13:47,offline,2.49,$316.05,mrodriguez
LOG-1895,AST-0017,12-Jun-2025 07:24:00,DEGRADED ,7.65,812.18,arossi
LOG-1596,AST-0021,06-Mar-2025 05:01:00,off-line,,353.5,jchen
LOG-1392,AST-0023,22-May-2025 01:00:00,DEGRADED,2.32,302.78,arossi
LOG-1387,AST-0023,2025/02/08 13:05,OFF LINE,1.92,$224.67,
LOG-1000,AST-0035,05/18/2025 11:48,Offline,4.94,505.88,mrodriguez
LOG-1556,AST-0018,2025-02-18 14:55:00,DEGRADED ,5.67,535.86,arossi
LOG-1277,AST-0018,2025-01-17 22:26:00,OP,5.1,548.29,arossi
LOG-1315,AST-0037,2025-05-22 21:52:00,Degraded,10.57,1260.87,mrodriguez
LOG-1835,AST-0001,29-Jun-2025 12:41:00,Op.,4.48 hrs,575.47,arossi
LOG-1710,AST-0029,2025/05/26 10:49,OPERATIONAL,9.43,"$1,240.08",arossi
LOG-1810,AST-0015,2025-01-04 20:40:00,degraded,8.92,"$1,045.30",tpatel
LOG-1341,AST-0014,2025-05-14 15:13:00,OFF LINE,2.24,$266.63,tpatel
LOG-1692,AST-0010,2025/06/19 10:08,OFF LINE,1.24,105.09,mrodriguez
LOG-1791,AST-0026,2025-01-29 14:05:00,OP,5.17,534.27,mrodriguez
LOG-1313,AST-0025,2025/04/12 06:47,Offline,10.32,"$1,393.51",arossi
LOG-1198,AST-0010,2025/05/27 16:29,OP,5.1,570.18,tpatel
LOG-1344,AST-0018,04/24/2025 09:02,DEGRADED,6.26,606.98,arossi
LOG-1141,AST-0019,2025-02-28 11:23:00,Operational ,8.02,931.58,tpatel
LOG-1044,AST-0032,2025/01/20 05:06,DEGRADED ,8.56,1061.68,arossi
LOG-1355,AST-0032,2025-06-08 08:32:00,OP,4.02,388.69,kwilliams
LOG-1553,AST-0023,10-Jan-2025 21:21:00,OPERATIONAL,2.22,217.74,arossi
LOG-1626,AST-0023,01/08/2025 22:50,operational,11.32,"$1,141.85",
LOG-1268,AST-0017,31-Jan-2025 09:28:00,Op.,9.43,1255.93,kwilliams
LOG-1259,AST-0029,06/06/2025 13:14,OPERATIONAL,1.9,235.22,mrodriguez
LOG-1086,AST-0024,01/20/2025 17:22,DEGRADED,7.53,750.59,
LOG-1254,AST-0020,29-Jan-2025 22:34:00,Op.,,538.22,
LOG-1799,AST-0009,03/04/2025 05:10,DEGRADED,1.05,99.26,tpatel
LOG-1884,AST-0025,2025-01-24 22:10:00,OPERATIONAL,1.73,139.82,tpatel
LOG-1179,AST-0035,2025/04/06 10:46,OP,5.75,$498.86,tpatel
LOG-1593,AST-0006,23-Apr-2025 22:48:00,OFFLINE,6.3,$641.59,kwilliams
LOG-1010,AST-0016,04/18/2025 16:20,Offline,5.18,576.88,
LOG-1624,AST-0005,2025/01/04 10:09,DEGRADED,2.56 hrs,306.14,tpatel
LOG-1205,AST-0017,2025/05/19 23:10,off-line,5.66,$572.40,mrodriguez
LOG-1104,AST-0037,2025/04/30 15:58,operational,8.96,766.13,kwilliams
LOG-1494,AST-0039,02/12/2025 06:25,OFFLINE,4.47,485.42,
LOG-1428,AST-0034,2025/05/26 12:03,DEGRADED,6.15,$745.26,
LOG-1301,AST-0029,2025/05/14 08:42, op,6.04,$681.08,arossi
LOG-1295,AST-0008,04-Jun-2025 02:19:00,Operational ,8.53,982.32,mrodriguez
LOG-1896,AST-0002,31-Jan-2025 09:21:00,offline,3.65,305.31,kwilliams
LOG-1795,AST-0027,02/15/2025 08:29,off-line,5.63,512.37,jchen
LOG-1636,AST-0017,2025/03/31 01:57,Op.,11.32 hrs,1406.71,jchen
LOG-1754,AST-0018,2025-02-04 22:12:00,OFF LINE,7.47,$993.41,
LOG-1823,AST-0024,2025-04-25 20:40:00,offline,3.32,$401.27,
LOG-1226,AST-0002,2025/06/23 11:44,offline,5.4,656.48,kwilliams
LOG-1453,AST-0011,2025-04-25 12:51:00,OFF LINE,6.37,$753.64,
LOG-1225,AST-0021,10-Mar-2025 11:00:00,Degraded,1.59,183.7,arossi
LOG-1849,AST-0026,14-Jan-2025 01:48:00,degraded,8.49,728.77,jchen
LOG-1243,AST-0036,2025-04-03 23:44:00,OFFLINE,3.4,474.14,
LOG-1681,AST-0036,2025/06/05 06:57,operational,2.0,$164.30,kwilliams
LOG-1292,AST-0023,2025-06-16 09:14:00,Offline,11.38,"$1,294.89",kwilliams
LOG-1843,AST-0008,15-Apr-2025 06:46:00,Operational ,11.46,$917.95,kwilliams
LOG-1877,AST-0008,22-Feb-2025 19:18:00,Degraded,3.36 hrs,396.05,
LOG-1579,AST-0015,03/26/2025 12:11,DEGRADED,2.53,306.42,mrodriguez
LOG-1827,AST-0001,2025-01-18 15:14:00,off-line,6.42,$795.97,
LOG-1393,AST-0013,2025-02-17 22:05:00,OFFLINE,10.73,1265.04,arossi
LOG-1353,AST-0037,05/12/2025 18:12,Offline,6.35,743.55,kwilliams
LOG-1189,AST-0003,2025/02/22 06:19,operational,9.25,1098.46,kwilliams
LOG-1864,AST-0013,11-May-2025 01:27:00,OFF LINE,7.36,656.58,jchen
LOG-1210,AST-0006,2025/03/09 21:53,degraded,11.89,1439.2,
LOG-1711,AST-0007,2025-01-31 09:50:00,Operational ,2.1,223.63,jchen
LOG-1614,AST-0020,2025/03/31 22:45,OPERATIONAL,9.55,936.0,jchen
LOG-1373,AST-0005,02/04/2025 00:54,OFF LINE,1.65 hrs,$159.63,tpatel
LOG-1388,AST-0037,2025-06-05 03:32:00,off-line,,$940.75,arossi
LOG-1034,AST-0010,2025/02/12 02:23,offline,,893.1,mrodriguez
LOG-1224,AST-0013,29-Mar-2025 04:49:00, op,11.63,1415.34,mrodriguez
LOG-1006,AST-0035,2025-06-02 04:39:00,operational,2.2,204.21,kwilliams
LOG-1138,AST-0021,19-Jun-2025 21:57:00,off-line,11.87,1130.01,tpatel
LOG-1065,AST-0018,04/10/2025 23:34,DEGRADED ,10.6,866.36,
LOG-1317,AST-0031,17-Jun-2025 15:11:00,DEGRADED,4.22,416.33,
LOG-1747,AST-0002,06/16/2025 09:24,OFFLINE,7.4 hrs,$596.25,
LOG-1050,AST-0008,05/16/2025 05:41,operational,8.93,1030.3,jchen
LOG-1748,AST-0032,05/19/2025 20:15,offline,9.5,$804.19,
LOG-1194,AST-0003,2025/03/15 05:31,OP,2.8,233.48,
LOG-1664,AST-0021,10-Jun-2025 13:27:00,Op.,10.43,1422.96,tpatel
LOG-1890,AST-0027,02/15/2025 15:01,DEGRADED,,$91.02,arossi
LOG-1085,AST-0006,2025-05-25 14:32:00,OPERATIONAL,6.55,788.42,
LOG-1744,AST-0023,06/03/2025 08:40,OFF LINE,3.56,$398.88,
LOG-1755,AST-0004,05-Jun-2025 10:34:00,DEGRADED ,3.47,374.74,
LOG-1840,AST-0031,2025-06-23 05:11:00,offline,11.09,1214.55,mrodriguez
LOG-1216,AST-0021,06-Jan-2025 09:26:00,DEGRADED ,2.93,$300.40,kwilliams
LOG-1835,AST-0001,02-Jul-2025 08:41:00,offline,4.48 hrs,575.47,arossi
LOG-1749,AST-0029,2025-05-03 09:05:00,DEGRADED ,9.97,903.59,jchen
LOG-1182,AST-0022,2025-02-24 23:13:00,Degraded,,730.71,arossi
LOG-1737,AST-0027,05-Jan-2025 09:06:00,Degraded,1.32,$148.51,jchen
LOG-1546,AST-0034,2025-01-15 05:48:00, op,7.66,920.14,arossi
LOG-1506,AST-0038,2025/05/01 01:16,DEGRADED ,5.44,437.35,
LOG-1068,AST-0039,04/03/2025 12:32,Operational ,9.33,936.66,jchen
LOG-1532,AST-0039,04/15/2025 14:48,OFFLINE,5.02,433.82,tpatel
LOG-1702,AST-0028,2025/06/28 07:26,Degraded,0.68,75.34,kwilliams
LOG-1328,AST-0020,02/04/2025 06:57,offline,10.82,1386.49,
LOG-1260,AST-0016,2025-02-20 10:05:00,OP,7.31,709.77,
LOG-1647,AST-0020,2025-03-09 23:25:00,operational,7.72,652.49,tpatel
LOG-1378,AST-0021,2025-03-11 10:14:00,Degraded,6.6,888.89,arossi
LOG-1118,AST-0006,04/02/2025 20:24,operational,8.56,953.96,tpatel
LOG-1456,AST-0040,2025-03-03 14:35:00,Operational ,7.82,$996.96,arossi
LOG-1594,AST-0040,08-Jan-2025 10:34:00,degraded,7.87,894.39,tpatel
LOG-1796,AST-0016,06/11/2025 04:59,Degraded,,998.63,kwilliams
LOG-1409,AST-0038,2025-05-27 11:26:00,degraded,3.24,$436.12,arossi
LOG-1435,AST-0008,03/05/2025 21:56,OFF LINE,7.89,"$1,094.84",arossi
LOG-1187,ast-0030,2025-04-13 15:45:00,off-line,8.16,$663.46,mrodriguez
LOG-1676,AST-0036,2025-01-11 16:41:00,degraded,5.78,672.69,
LOG-1682,AST-0008,2025/06/12 23:04, op,4.44,484.46,mrodriguez
LOG-1505,AST-0013,01-Jan-2025 15:26:00, op,6.1,783.53,mrodriguez
LOG-1811,AST-0013,2025/01/28 14:39,Op.,0.7,81.12,tpatel
LOG-1730,AST-0027,09-Jan-2025 20:33:00,degraded,2.4,192.3,jchen
LOG-1115,AST-0005,2025/03/27 08:44,Offline,9.61,$971.73,jchen
LOG-1613,AST-0030,05/10/2025 07:06,operational,10.03,1097.63,arossi
LOG-1093,AST-0017,05/26/2025 08:45,Op.,10.43,1058.59,jchen
LOG-1870,AST-0004,17-Jun-2025 04:43:00,offline,8.22,883.38,kwilliams
LOG-1767,AST-0022,2025/02/04 11:18,off-line,7.3,837.34,kwilliams
LOG-1027,AST-0029,05/03/2025 23:51,off-line,9.58,1189.43,
LOG-1352,AST-0009,2025/03/29 22:36, op,,$647.79,arossi
LOG-1459,AST-0036,2025-01-30 04:33:00,offline,5.53,622.1,arossi
LOG-1616,ast-0038,2025/03/29 11:16,DEGRADED ,11.7,1197.99,tpatel
LOG-1670,AST-0036,04/28/2025 19:15, op,2.58,232.52,tpatel
LOG-1520,AST-0027,2025/01/16 19:13,Operational ,5.56,516.9,jchen
LOG-1545,AST-0024,2025/01/21 14:25,OFFLINE,1.92,266.91,kwilliams
LOG-1502,AST-0006,15-Feb-2025 12:37:00,offline,8.69,754.73,arossi
LOG-1661,AST-0024,28-Mar-2025 12:16:00,DEGRADED,7.83,642.75,jchen
LOG-1053,AST-0008,2025-05-30 15:52:00,DEGRADED ,1.12,$93.20,tpatel
LOG-1604,AST-0036,2025-05-09 17:31:00,Offline,11.74,1255.07,jchen
LOG-1868,AST-0004,01-Feb-2025 02:00:00,degraded,4.31,595.12,kwilliams
LOG-1124,AST-0022,06/09/2025 13:01,off-line,2.06,250.44,
LOG-1283,AST-0036,05/17/2025 04:24, op,1.45,$126.57,mrodriguez
LOG-1419,AST-0038,05-Mar-2025 08:51:00,degraded,7.37,1000.72,kwilliams
LOG-1707,AST-0039,2025-03-31 14:23:00,DEGRADED ,3.82,$316.38,tpatel
LOG-1778,AST-0003,02/07/2025 17:16, op,10.39,1021.96,tpatel
LOG-1654,AST-0016,03/15/2025 21:15,operational,2.51,325.38,kwilliams
LOG-1482,AST-0020,2025/03/23 22:20,Operational ,2.71,249.94,kwilliams
LOG-1669,AST-0013,2025/01/17 03:44,operational,4.87,633.49,jchen
LOG-1803,AST-0024,06/15/2025 10:25,OPERATIONAL,0.44 hrs,35.58,jchen
LOG-1837,AST-0025,02/23/2025 11:54,offline,10.47,1330.65,kwilliams
LOG-1809,AST-0005,03/04/2025 00:05,OP,5.52,687.29,jchen
LOG-1311,AST-0037,05/04/2025 08:11, op,2.28,315.39,kwilliams
LOG-1340,AST-0022,2025/06/14 02:12,degraded,2.19,$281.90,mrodriguez
LOG-1541,AST-0025,03-Jun-2025 12:33:00,degraded,3.64,$318.62,mrodriguez
LOG-1256,AST-0029,2025-01-02 16:34:00,Offline,9.85,"$1,037.59",kwilliams
LOG-1348,AST-0019,07-Mar-2025 13:48:00,DEGRADED,1.37,113.37,mrodriguez
LOG-1090,AST-0024,19-Jan-2025 02:05:00,Offline,0.96,132.57,jchen
LOG-1021,AST-0020,05/30/2025 08:58,OPERATIONAL,8.01,$774.70,tpatel
LOG-1075,AST-0007,03/22/2025 18:27,Offline,10.87 hrs,"$1,388.84",mrodriguez
LOG-1715,AST-0002,03/22/2025 13:39,Op.,9.72,827.04,mrodriguez
LOG-1768,AST-0022,2025-01-30 13:00:00,DEGRADED,6.08,719.42,mrodriguez
LOG-1395,AST-0038,14-May-2025 11:31:00, op,6.14,$625.25,arossi
LOG-1123,AST-0015,01/26/2025 01:01,Operational ,10.17,1283.99,jchen
LOG-1232,AST-0010,05-Mar-2025 09:52:00,DEGRADED ,9.47,$955.50,kwilliams
LOG-1071,AST-0031,2025/05/09 09:11,degraded,6.07 hrs,668.53,kwilliams
LOG-1547,AST-0020,2025-04-23 08:24:00,OFFLINE,5.76,622.97,tpatel
LOG-1169,AST-0014,2025/03/16 16:57,OFFLINE,8.54,970.6,kwilliams
LOG-1122,AST-0034,2025/01/18 00:18,Offline,0.46,63.05,mrodriguez
LOG-1147,AST-0005,03/24/2025 07:00,off-line,11.97,1652.5,
LOG-1294,AST-0013,05/27/2025 19:24,degraded,11.05,"$1,098.54",mrodriguez
LOG-1135,AST-0031,2025/01/08 22:12,Degraded,9.03,$759.00,jchen
LOG-1500,AST-0028,2025-02-23 14:20:00,OFF LINE,10.87,"$1,290.99",mrodriguez
LOG-1031,AST-0030,2025/01/25 06:34,OFF LINE,11.86,1624.85,
LOG-1171,AST-0040,03/30/2025 03:24,Operational ,6.81,$942.33,mrodriguez
LOG-1114,AST-0032,2025/03/26 11:02,OFF LINE,7.81,776.26,kwilliams
LOG-1303,AST-0011,2025-05-14 06:05:00,OFFLINE,4.22,563.76,
LOG-1376,AST-0035,2025/04/08 18:20,Operational ,2.85,284.75,arossi
LOG-1846,AST-0003,20-Apr-2025 00:32:00,DEGRADED,3.46,395.96,tpatel
LOG-1455,AST-0001,2025-06-26 08:54:00,off-line,8.34,"$1,052.91",
LOG-1335,AST-0030,27-Jan-2025 01:45:00,offline,9.4,"$1,107.90",jchen
LOG-1431,AST-0024,2025/03/08 11:03,DEGRADED ,2.36,$270.35,tpatel
LOG-1684,AST-0014,2025-04-17 05:33:00,OFF LINE,2.37,224.6,tpatel
LOG-1030,AST-0007,2025/05/22 16:58,operational,9.7,1046.37,jchen
LOG-1723,AST-0037,05/11/2025 02:20,Degraded,3.59,441.18,arossi
LOG-1813,AST-0022,03/04/2025 09:24,OP,0.89,123.98,mrodriguez
LOG-1403,AST-0011,2025-01-25 12:37:00,offline,0.91,82.63,arossi
LOG-1358,AST-0033,04/13/2025 08:52,off-line,11.42,$950.79,arossi
LOG-1550,AST-0009,23-Apr-2025 02:27:00,Degraded,0.42,38.0,kwilliams
LOG-1821,AST-0020,2025-04-27 16:47:00,DEGRADED,11.91,"$1,618.90",tpatel
LOG-1097,AST-0009,20-Feb-2025 01:33:00,Degraded,5.58,479.6,
LOG-1233,AST-0021,13-Jan-2025 05:29:00,Op.,1.6,190.21,
LOG-1202,AST-0030,08-Apr-2025 03:33:00,Degraded,4.48,483.66,tpatel
LOG-1522,AST-0020,22-May-2025 04:21:00,OPERATIONAL,9.91,"$1,195.18",kwilliams
LOG-1764,AST-0017,2025/03/06 16:43,DEGRADED ,2.43,$200.83,arossi
LOG-1377,AST-0034,2025-03-28 10:40:00,Op.,4.32,512.07,jchen
LOG-1281,AST-0008,01/17/2025 11:03,Offline,9.96,820.9,jchen
LOG-1019,AST-0011,06/27/2025 17:06,DEGRADED,2.36,299.59,
LOG-1077,AST-0010,2025/02/12 06:26,Offline,5.65,756.73,arossi
LOG-1374,AST-0001,2025/03/02 04:15,offline,0.72,83.39,
LOG-1521,AST-0013,2025-06-16 06:30:00,DEGRADED,9.64,860.32,arossi
LOG-1575,ast-0038,01/08/2025 09:48,Op.,7.45,602.99,mrodriguez
LOG-1468,AST-0021,11-Apr-2025 03:20:00,DEGRADED ,9.23,1140.39,mrodriguez
LOG-1742,AST-0014,05/23/2025 12:27,degraded,9.44,995.21,jchen
LOG-1013,AST-0019,2025/01/29 17:12,Offline,7.44,$887.14,tpatel
LOG-1718,AST-0001,31-May-2025 13:14:00,OFF LINE,11.07,"$1,181.96",arossi
LOG-1242,AST-0006,2025-04-13 22:15:00,Operational ,0.63,61.31,kwilliams
LOG-1001,AST-0015,12-Jan-2025 15:44:00,OP,6.76,543.72,jchen
LOG-1673,AST-0028,06/05/2025 21:23,offline,11.94,1440.34,mrodriguez
LOG-1867,AST-0012,06-Apr-2025 20:12:00,off-line,1.37,$156.63,jchen
LOG-1657,AST-0024,03-May-2025 09:34:00,operational,3.02,$332.25,arossi
LOG-1207,AST-0015,01/13/2025 08:57,operational,6.19,724.66,kwilliams
LOG-1854,AST-0006,2025/05/22 13:57,off-line,3.48,$355.10,kwilliams
LOG-1241,AST-0009,2025/02/05 12:31,OFF LINE,7.92,867.27,mrodriguez
LOG-1346,AST-0031,03/02/2025 04:25,OPERATIONAL,8.14,1059.13,jchen
LOG-1022,AST-0033,14-Mar-2025 18:13:00,OPERATIONAL,10.56,1212.66,arossi
LOG-1779,AST-0017,2025-04-11 05:23:00,OPERATIONAL,3.72,$348.98,tpatel
LOG-1799,AST-0009,03/04/2025 05:10,DEGRADED,1.05,99.26,tpatel
LOG-1312,AST-0006,2025/06/29 21:51,Op.,1.99,197.38,jchen
LOG-1472,AST-0020,2025/01/17 17:32,offline,8.88,"$1,132.86",
LOG-1176,AST-0027,2025/04/29 20:31,degraded,9.13,$886.75,
LOG-1876,AST-0033,2025-03-06 07:33:00,DEGRADED ,4.7,407.93,arossi
LOG-1450,AST-0030,2025-05-07 20:57:00,DEGRADED,10.16,846.96,kwilliams
LOG-1257,AST-0006,2025-05-14 00:45:00,Operational ,4.57,470.54,
LOG-1278,AST-0009,2025/04/27 00:02,OP,6.92,$953.94,tpatel
LOG-1284,AST-0009,2025/02/06 01:39,DEGRADED,7.09,$912.94,
LOG-1463,AST-0032,06-Apr-2025 17:20:00,Operational ,2.84,229.43,jchen
LOG-1012,AST-0040,2025-04-13 11:45:00,OP,2.75,373.99,tpatel
LOG-1057,AST-0019,09-May-2025 16:44:00,off-line,1.09,104.5,mrodriguez
LOG-1573,AST-0028,2025/03/03 09:52,DEGRADED,11.72,1034.17,jchen
LOG-1498,AST-0035,2025-04-06 14:46:00,OFFLINE,5.56,458.95,kwilliams
LOG-1770,AST-0036,01/21/2025 23:16,DEGRADED ,2.53,$318.61,mrodriguez
LOG-1272,AST-0021,2025-02-19 09:08:00,Offline,1.65,$137.21,jchen
LOG-1640,AST-0011,03/31/2025 17:18, op,8.66,749.63,
LOG-1329,AST-0009,2025-05-12 07:20:00,off-line,11.97,1258.21,
LOG-1570,AST-0008,2025/02/08 12:50,OFF LINE,2.0,$270.98,
LOG-1232,AST-0010,05-Mar-2025 09:52:00,DEGRADED ,9.47,$955.50,kwilliams
LOG-1448,AST-0040,03/31/2025 13:33,DEGRADED,2.04,165.91,mrodriguez
LOG-1612,AST-0031,29-Jun-2025 22:18:00,OP,,954.7,arossi
LOG-1894,AST-0005,21-Jun-2025 10:51:00,DEGRADED ,11.88,"$1,464.16",arossi
LOG-1299,AST-0010,2025-03-02 06:53:00,Operational ,11.79,"$1,569.48",
LOG-1857,AST-0002,2025/03/13 16:31,OP,10.09,1302.92,mrodriguez
LOG-1830,ast-0002,04/17/2025 14:43,DEGRADED ,8.16,682.69,arossi
LOG-1802,AST-0034,2025-04-27 16:37:00,Degraded,5.47,453.57,mrodriguez
LOG-1853,AST-0008,2025/02/13 20:18,Degraded,8.33,992.67,
LOG-1626,AST-0023,2025-01-06 07:50:00,Op.,11.32,"$1,141.85",
LOG-1490,AST-0014,04/29/2025 18:41,OFF LINE,8.29,731.9,mrodriguez
LOG-1663,AST-0026,18-Jun-2025 20:20:00,DEGRADED,11.25,1100.76,kwilliams
LOG-1212,AST-0022,2025-04-14 00:15:00,OFFLINE,2.95,358.53,jchen
LOG-1048,AST-0031,2025/04/28 13:59,DEGRADED,1.34,162.82,kwilliams
LOG-1240,AST-0036,2025/01/31 09:02,degraded,2.45,287.05,kwilliams
LOG-1035,AST-0027,2025-03-12 21:39:00,off-line,5.85,572.81,kwilliams
LOG-1771,AST-0019,02/01/2025 16:51,degraded,4.24,$384.62,jchen
LOG-1172,AST-0032,2025/02/27 17:10,Degraded,3.63,408.71,tpatel
LOG-1020,AST-0016,02/18/2025 13:41,OFFLINE,4.74 hrs,$513.06,tpatel
LOG-1567,AST-0006,2025/06/03 03:10,degraded,2.33 hrs,$240.11,jchen
LOG-1273,AST-0026,2025/01/13 13:08,Degraded,4.1,$329.96,tpatel
LOG-1018,AST-0023,02/08/2025 05:50,OFFLINE,4.41,584.25,mrodriguez
LOG-1016,AST-0001,03/04/2025 11:19, op,2.15,263.03,
LOG-1067,AST-0032,19-Jun-2025 18:49:00,Offline,5.13,555.75,mrodriguez
LOG-1820,AST-0013,2025-01-01 18:15:00,Offline,6.02,821.23,kwilliams
LOG-1794,AST-0037,2025-01-08 02:45:00,DEGRADED ,4.32,550.98,mrodriguez
LOG-1760,AST-0005,05/23/2025 11:26, op,0.89,$94.26,jchen
LOG-1009,AST-0034,2025-01-29 15:50:00,OFFLINE,,861.8,arossi
LOG-1833,AST-0023,08-Jun-2025 22:32:00,OPERATIONAL,5.62,694.14,arossi
LOG-1674,AST-0002,22-Feb-2025 19:52:00,OP,5.55,638.11,kwilliams
LOG-1726,AST-0026,08-Jun-2025 17:53:00,off-line,7.73,937.97,kwilliams
LOG-1215,AST-0006,2025-04-04 07:59:00,OFF LINE,5.39,541.35,kwilliams
LOG-1542,AST-0032,2025/04/30 18:31,OPERATIONAL,1.86,244.79,kwilliams
LOG-1750,AST-0008,26-Mar-2025 05:32:00, op,0.36,45.18,mrodriguez
LOG-1231,AST-0026,03/26/2025 07:09,DEGRADED,5.92,$800.58,
LOG-1736,AST-0038,2025-03-22 20:52:00,OFF LINE,4.02,440.14,mrodriguez
LOG-1061,AST-0002,20-May-2025 05:17:00,OFFLINE,9.22,1024.69,arossi
LOG-1306,AST-0028,16-Jan-2025 22:51:00,OFF LINE,5.89,544.34,kwilliams
LOG-1404,AST-0002,09-Jun-2025 22:15:00,operational,5.53,$730.17,arossi
LOG-1712,ast-0010,28-Apr-2025 19:11:00,degraded,1.7,234.9,kwilliams
LOG-1255,AST-0020,05/13/2025 03:53,DEGRADED,8.52 hrs,$925.34,
LOG-1252,AST-0022,04/10/2025 15:14,off-line,9.51,"$1,195.74",kwilliams
LOG-1783,AST-0035,16-Jun-2025 02:15:00,Operational ,3.56,497.73,
LOG-1100,AST-0024,05/28/2025 18:40,OFFLINE,7.14,$712.42,
LOG-1880,AST-0001,29-Jan-2025 07:57:00, op,4.9,$517.93,jchen
LOG-1724,AST-0016,20-Jan-2025 03:44:00,OFF LINE,2.51,$269.22,kwilliams
LOG-1530,AST-0030,03/27/2025 15:50,operational,10.37,1397.58,
LOG-1222,AST-0024,02/15/2025 19:41,off-line,7.23,624.8,tpatel
LOG-1215,AST-0006,02-Apr-2025 03:59:00,OPERATIONAL,5.39,541.35,kwilliams
LOG-1798,ast-0030,2025-01-05 20:43:00,off-line,4.73,621.27,jchen
LOG-1887,AST-0033,04/22/2025 05:56,OP,7.64,666.42,mrodriguez
LOG-1142,AST-0029,08-Jan-2025 17:03:00,off-line,3.48,$476.32,tpatel
LOG-1319,AST-0006,2025/02/04 05:06, op,8.96,1183.0,mrodriguez
LOG-1501,AST-0038,06/20/2025 17:29,DEGRADED ,4.05 hrs,434.24,kwilliams
LOG-1701,ast-0032,2025-03-27 19:58:00,degraded,2.62,$340.68,
LOG-1656,AST-0003,2025/06/25 10:50,OPERATIONAL,,1201.59,kwilliams
LOG-1108,AST-0020,06/22/2025 02:11,Operational ,3.65,400.93,arossi
LOG-1308,AST-0024,2025/02/03 23:11,Operational ,5.42,705.82,
LOG-1704,AST-0008,01-Apr-2025 01:45:00,DEGRADED ,0.49,44.85,mrodriguez
LOG-1549,AST-0037,10-Jan-2025 09:31:00,OFF LINE,0.57,$49.94,tpatel
LOG-1561,AST-0021,02/16/2025 20:19,Operational ,9.38,$937.62,tpatel
LOG-1287,AST-0040,04/23/2025 17:13,Offline,6.11,$664.41,kwilliams
LOG-1119,AST-0025,16-Mar-2025 09:56:00,OFF LINE,0.87,87.07,kwilliams
LOG-1679,AST-0010,2025-02-17 09:43:00,DEGRADED,11.75,"$1,626.23",kwilliams
LOG-1817,AST-0013,2025/02/19 11:46,Operational ,4.93,524.96,mrodriguez
LOG-1238,AST-0020,2025-06-17 05:47:00,offline,3.93,341.98,kwilliams
LOG-1391,AST-0016,05/25/2025 23:36,DEGRADED ,3.5,422.71,kwilliams
LOG-1686,AST-0031,24-Mar-2025 15:47:00,OFFLINE,4.12 hrs,483.45,
LOG-1812,AST-0009,20-Feb-2025 15:09:00,OFFLINE,6.37,$757.28,
LOG-1855,AST-0033,2025-02-10 22:45:00,OFF LINE,11.85,"$1,441.24",kwilliams
LOG-1563,AST-0040,2025-04-28 02:47:00,Degraded,,$166.85,kwilliams
LOG-1427,AST-0037,08-Jun-2025 03:42:00,degraded,11.82,"$1,144.37",jchen
LOG-1591,ast-0030,05/21/2025 12:11,off-line,2.42,284.61,
LOG-1057,AST-0019,09-May-2025 16:44:00,off-line,1.09,104.5,mrodriguez
LOG-1761,AST-0019,2025/06/04 17:23,DEGRADED,7.5,989.06,kwilliams
LOG-1190,AST-0029,2025/06/08 07:25,DEGRADED,8.27,929.2,mrodriguez
LOG-1894,AST-0005,2025/06/21 22:51, op,11.88,"$1,464.16",arossi
LOG-1780,AST-0028,2025/03/24 03:06,DEGRADED ,4.57,$440.46,tpatel
LOG-1507,AST-0036,05/30/2025 07:09,operational,1.99,163.58,arossi
LOG-1814,AST-0039,2025/06/08 20:54,Offline,2.41,202.14,jchen
LOG-1526,AST-0014,09-Apr-2025 18:20:00,Offline,3.43,439.86,tpatel
LOG-1677,AST-0003,01-Jan-2025 23:25:00,OFF LINE,4.73,$568.90,jchen
LOG-1585,AST-0037,11-Jan-2025 20:37:00,OPERATIONAL,10.26,926.19,arossi
LOG-1449,AST-0029,2025-05-13 08:46:00,OPERATIONAL,2.02,203.04,tpatel
LOG-1415,AST-0028,2025-01-17 01:05:00,degraded,4.61,569.2,
LOG-1850,AST-0020,03/25/2025 06:59,offline,5.44,$728.05,mrodriguez
LOG-1671,AST-0010,17-Jan-2025 05:06:00,OP,1.63,172.96,
LOG-1844,AST-0028,28-Feb-2025 04:32:00,offline,6.36,593.57,kwilliams
LOG-1271,AST-0024,03/11/2025 17:15,OPERATIONAL,6.75,839.97,kwilliams
LOG-1540,AST-0038,13-Mar-2025 18:35:00,off-line,5.02,$465.22,arossi
LOG-1630,AST-0034,2025/01/25 17:48,Degraded,6.8 hrs,$677.87,arossi
LOG-1848,AST-0032,2025/05/13 10:02,degraded,11.89,1191.91,kwilliams
LOG-1209,AST-0028,05/27/2025 18:12,OPERATIONAL,6.41,$751.17,kwilliams
LOG-1470,AST-0009,12-Jun-2025 01:53:00,Operational ,11.82,1168.93,tpatel
LOG-1739,AST-0021,2025/01/26 22:25,Degraded,4.66,$406.62,arossi
LOG-1261,AST-0020,02/07/2025 09:36,off-line,,498.01,jchen
LOG-1017,AST-0010,2025-04-10 07:43:00,degraded,5.3 hrs,539.96,jchen
LOG-1705,AST-0038,15-Jun-2025 11:47:00,off-line,1.79,219.6,
LOG-1806,AST-0021,2025/01/03 04:20, op,2.84,274.65,mrodriguez
LOG-1722,AST-0008,2025-01-09 16:32:00,Degraded,6.98 hrs,$700.36,arossi
LOG-1489,AST-0040,06/08/2025 20:53,degraded,6.98,689.23,mrodriguez
LOG-1628,AST-0001,2025-06-27 05:38:00,OP,10.25,"$1,249.35",jchen
LOG-1641,AST-0035,2025/04/15 04:01,degraded,6.2,680.03,tpatel
LOG-1444,AST-0001,01/01/2025 00:24,Degraded,5.76 hrs,779.47,jchen
LOG-1503,AST-0025,05/13/2025 07:45,DEGRADED ,0.77,77.09,mrodriguez
LOG-1695,AST-0030,02/02/2025 16:28,DEGRADED,1.23,120.37,
LOG-1196,AST-0038,06/10/2025 03:31,off-line,6.78 hrs,682.51,arossi
LOG-1425,AST-0016,05/14/2025 21:08,degraded,2.94,382.73,jchen
LOG-1691,AST-0040,2025/02/03 22:12,off-line,1.34,185.45,
LOG-1318,AST-0007,06/27/2025 00:54,Operational ,11.7,"$1,515.73",
LOG-1163,AST-0040,01/22/2025 15:05, op,4.64,526.5,arossi
LOG-1139,AST-0004,07-Jun-2025 14:43:00,DEGRADED,9.64,1002.57,tpatel
LOG-1773,AST-0034,2025/06/27 21:01,OFFLINE,1.64,$144.07,
LOG-1586,AST-0011,05/24/2025 17:34,OFF LINE,,1353.61,arossi
LOG-1585,AST-0037,11-Jan-2025 20:37:00,OPERATIONAL,10.26,926.19,arossi
LOG-1789,AST-0020,01/17/2025 23:22,Op.,6.75 hrs,819.05,jchen
LOG-1262,AST-0016,04-Apr-2025 05:42:00,OPERATIONAL,11.85,1041.84,tpatel
LOG-1369,AST-0019,05-May-2025 09:46:00,OPERATIONAL,8.36,"$1,046.80",jchen
LOG-1105,AST-0022,29-Jan-2025 15:43:00,Degraded,9.38,$798.21,arossi
LOG-1084,AST-0030,2025-06-25 06:56:00,operational,10.36,1437.93,tpatel
LOG-1851,AST-0001,2025-03-07 22:35:00,offline,4.67,$563.98,tpatel
LOG-1300,ast-0022,2025-03-23 07:21:00,degraded,,$303.37,kwilliams
LOG-1298,AST-0026,2025-06-04 21:00:00,OP,3.99,465.56,kwilliams
LOG-1890,AST-0027,14-Feb-2025 23:01:00,operational,,$91.02,arossi
LOG-1201,AST-0008,2025/05/16 23:09,Op.,7.35,991.57,kwilliams
LOG-1859,AST-0036,2025-02-16 17:48:00,OPERATIONAL,6.2,698.53,jchen
LOG-1367,AST-0012,02-Apr-2025 17:32:00,OFFLINE,9.19,1056.56,
LOG-1457,AST-0023,2025/05/27 15:23,offline,0.5,$61.73,
LOG-1536,AST-0025,2025/03/01 14:28,OFFLINE,1.31,174.54,jchen
LOG-1088,AST-0035,2025/01/25 16:43,Degraded,8.13,1111.85,mrodriguez
LOG-1652,AST-0040,2025/06/05 05:49,OFFLINE,6.39,$567.84,tpatel
LOG-1426,AST-0006,2025/05/04 00:40,OFFLINE,9.23,761.81,kwilliams
LOG-1745,AST-0008,06/01/2025 04:30,OFF LINE,11.99,1110.89,
LOG-1865,AST-0039,2025-02-15 01:20:00,DEGRADED,6.49,677.6,tpatel
LOG-1646,AST-0007,2025/05/28 03:37,Op.,8.18,901.16,arossi
LOG-1485,AST-0002,2025/02/23 05:55, op,6.23,836.27,jchen
LOG-1381,AST-0028,2025-04-28 16:52:00,offline,0.53,$43.60,tpatel
LOG-1239,AST-0027,04/19/2025 13:49,off-line,5.22,585.91,mrodriguez
LOG-1150,AST-0006,12-Jan-2025 23:15:00,DEGRADED ,6.43,$832.04,
LOG-1333,AST-0019,2025-03-26 10:12:00,DEGRADED,10.43,"$1,425.34",arossi
LOG-1282,AST-0016,26-Jun-2025 07:00:00,DEGRADED,8.21,"$1,144.81",kwilliams
LOG-1362,AST-0027,2025-01-09 11:09:00,DEGRADED ,7.99,703.74,jchen
LOG-1178,AST-0012,20-Jun-2025 12:06:00,OPERATIONAL,3.76,510.26,
LOG-1752,AST-0039,2025-02-08 01:30:00,Op.,4.9,559.32,
LOG-1651,AST-0034,06/07/2025 01:14,off-line,2.75,342.46,arossi
LOG-1286,AST-0026,04/03/2025 00:36,DEGRADED ,2.28,$208.00,jchen
LOG-1738,AST-0010,2025/02/25 20:24,offline,0.94,85.43,jchen
LOG-1137,AST-0031,04/26/2025 00:05,OPERATIONAL,8.66,$712.02,jchen
LOG-1064,AST-0001,2025/04/30 17:21,DEGRADED,2.45,307.2,mrodriguez
LOG-1354,AST-0023,2025/05/01 19:47,OP,10.73,865.9,kwilliams
LOG-1632,AST-0024,2025-02-02 15:21:00,off-line,8.15,907.58,kwilliams
LOG-1496,AST-0027,02/10/2025 12:21,OPERATIONAL,2.33,247.81,kwilliams
LOG-1112,AST-0022,05/22/2025 20:01,OP,7.69,704.67,
LOG-1703,AST-0015,2025-05-11 00:46:00,OFFLINE,5.21,436.65,kwilliams
LOG-1167,AST-0002,2025/04/19 15:56,degraded,8.73,787.71,kwilliams
LOG-1562,AST-0012,2025-03-22 04:54:00,degraded,7.42,$812.66,mrodriguez
LOG-1751,AST-0006,29-May-2025 14:23:00,offline,3.0,$305.34,
LOG-1776,AST-0031,2025-05-24 23:55:00,OP,4.81,601.58,mrodriguez
LOG-1186,AST-0008,05/04/2025 20:15,OFF LINE,5.99,$639.31,kwilliams
LOG-1748,AST-0032,2025/05/19 19:15,OFFLINE,9.5,$804.19,
LOG-1078,AST-0011,2025/01/14 10:42,Degraded,7.76,737.25,kwilliams
LOG-1720,AST-0009,05-Apr-2025 17:58:00,OPERATIONAL,6.26,628.77,arossi
LOG-1808,AST-0021,2025/06/28 15:52,offline,4.15,552.11,kwilliams
LOG-1693,AST-0020,06/03/2025 04:44,off-line,3.72 hrs,$314.68,kwilliams
LOG-1534,AST-0038,2025/03/20 11:42,Offline,6.65,$796.38,arossi
LOG-1839,AST-0006,2025/01/20 04:48,OFFLINE,2.13,285.76,tpatel
LOG-1832,AST-0039,20-Mar-2025 04:18:00,Degraded,11.99,1636.15,jchen
LOG-1442,AST-0018,2025/04/10 20:37,Op.,6.59,707.72,kwilliams
LOG-1098,AST-0036,05/12/2025 05:23,DEGRADED ,10.69,1385.91,tpatel
LOG-1483,AST-0040,05/13/2025 21:05,OFFLINE,4.68,$522.33,mrodriguez
LOG-1130,AST-0021,2025-06-19 10:50:00,Offline,9.55,928.38,mrodriguez
LOG-1633,AST-0026,2025-05-07 12:39:00,offline,1.01,101.32,jchen
LOG-1267,AST-0012,2025-01-22 17:51:00,offline,8.49,1164.67,
LOG-1081,AST-0013,24-Apr-2025 00:42:00,offline,7.63,906.29,arossi
LOG-1002,AST-0003,06-Jun-2025 11:48:00,OP,3.05,$283.21,arossi
LOG-1279,AST-0026,08-May-2025 13:31:00,DEGRADED ,,317.96,mrodriguez
LOG-1307,AST-0008,2025/02/26 03:12,DEGRADED ,10.76,1275.19,kwilliams
LOG-1610,AST-0001,21-Feb-2025 19:39:00,Degraded,11.74,1000.9,kwilliams
LOG-1551,AST-0024,05/28/2025 01:30,degraded,5.95,783.74,mrodriguez
LOG-1543,AST-0040,2025/02/02 17:32,off-line,6.74,$682.89,arossi
LOG-1175,AST-0015,2025-01-10 13:20:00,Degraded,8.68,"$1,095.81",mrodriguez
LOG-1060,AST-0006,2025-04-19 20:51:00,Degraded,7.34 hrs,688.02,arossi
LOG-1597,AST-0031,10-May-2025 05:16:00,Degraded,9.65,1240.29,kwilliams
LOG-1437,AST-0027,2025/04/25 22:04,OPERATIONAL,2.15,$212.88,
LOG-1310,AST-0035,2025/05/06 01:50,offline,,784.87,arossi
LOG-1323,AST-0006,2025-02-21 21:29:00,DEGRADED,2.16,297.85,
LOG-1569,AST-0025,12-Jan-2025 11:13:00,DEGRADED ,11.61 hrs,1165.15,kwilliams
LOG-1801,AST-0018,2025/01/28 22:38,degraded,2.8 hrs,$337.41,
LOG-1598,AST-0006,2025/01/15 14:16,Operational ,,"$1,034.59",mrodriguez
LOG-1005,AST-0028,03-Feb-2025 09:40:00,degraded,,1352.91,
LOG-1152,AST-0028,2025-04-02 13:02:00,OP,2.05,203.69,arossi
LOG-1756,AST-0015,09-Jan-2025 13:11:00,DEGRADED ,3.97,397.33,
LOG-1082,AST-0024,05/14/2025 07:43,Operational ,4.09,376.48,tpatel
LOG-1504,AST-0010,2025-02-02 13:28:00,Degraded,3.89,415.36,mrodriguez
LOG-1230,AST-0028,2025-01-20 06:52:00,Operational ,2.86,324.55,tpatel
LOG-1777,AST-0021,10-May-2025 16:54:00,off-line,8.66,832.23,arossi
LOG-1160,AST-0002,2025/01/17 09:25,off-line,11.61,"$1,174.63",
LOG-1645,AST-0033,2025/06/14 02:19,DEGRADED,8.43,1173.0,arossi
LOG-1637,AST-0012,11-Mar-2025 15:44:00,Operational ,7.56,639.51,kwilliams
LOG-1351,AST-0011,2025/01/19 21:07,off-line,9.68,879.68,jchen
LOG-1001,AST-0015,2025-01-12 17:44:00,operational,6.76,543.72,jchen
LOG-1576,AST-0006,09-May-2025 15:47:00,DEGRADED ,8.39,993.29,mrodriguez
LOG-1278,AST-0009,2025/04/27 00:02,OP,6.92,$953.94,tpatel
LOG-1249,AST-0026,03/31/2025 02:28,Offline,7.63,644.97,kwilliams
LOG-1647,AST-0020,2025/03/08 03:25, op,7.72,652.49,tpatel
LOG-1211,AST-0003,2025/01/18 00:30,DEGRADED ,,$543.02,kwilliams
LOG-1492,AST-0010,2025-05-13 08:39:00,DEGRADED ,11.54,1439.46,
LOG-1619,AST-0021,2025/06/11 09:45,Operational ,3.44,350.02,mrodriguez
LOG-1251,AST-0030,26-Apr-2025 13:39:00,OP,4.92,637.1,tpatel
LOG-1051,AST-0013,02/23/2025 22:19,degraded,3.8,$332.86,tpatel
LOG-1841,AST-0037,2025-05-20 12:10:00,Offline,4.68,581.07,arossi
LOG-1595,AST-0016,2025-04-09 05:41:00,off-line,8.91,1178.51,mrodriguez
LOG-1683,AST-0008,2025-03-05 15:26:00,Operational ,2.37,$261.94,arossi
LOG-1467,AST-0028,2025-06-10 17:07:00,operational,6.71,801.52,tpatel
LOG-1185,AST-0024,2025-01-15 05:14:00,OP,10.86,"$1,218.49",kwilliams
LOG-1432,AST-0016,2025/04/12 02:19,degraded,1.96,174.39,kwilliams
LOG-1253,AST-0002,01/23/2025 14:48,DEGRADED ,0.26,23.96,
LOG-1731,AST-0027,29-Mar-2025 14:17:00,off-line,10.83,1175.2,mrodriguez
LOG-1047,AST-0039,08-May-2025 15:31:00,OFFLINE,6.32,597.12,mrodriguez
LOG-1092,AST-0038,02/09/2025 07:30,degraded,9.52,919.98,arossi
LOG-1860,AST-0016,2025-02-24 17:20:00,Offline,8.0,916.99,tpatel
LOG-1858,AST-0008,02/02/2025 21:20,OP,5.5,452.92,jchen
LOG-1888,AST-0010,2025-03-19 14:32:00,offline,,137.86,mrodriguez
LOG-1892,AST-0022,07-Mar-2025 15:20:00,OFF LINE,6.46,$768.84,jchen
LOG-1054,AST-0006,2025-02-15 04:21:00,off-line,7.37,689.4,kwilliams
LOG-1062,AST-0028,2025/04/26 13:25, op,4.34,521.7,
LOG-1849,AST-0026,14-Jan-2025 01:48:00,degraded,8.49,728.77,jchen
LOG-1882,AST-0019,01/08/2025 07:52,DEGRADED ,8.99,$805.67,
LOG-1235,AST-0028,2025-03-14 00:19:00,OFF LINE,10.63,"$1,124.37",tpatel
LOG-1056,AST-0006,01/29/2025 14:11,OP,1.13 hrs,120.94,mrodriguez
LOG-1753,AST-0037,05/03/2025 08:46,OP,,168.22,arossi
LOG-1564,ast-0010,04/30/2025 07:24,OPERATIONAL,4.84,482.98,
LOG-1588,AST-0010,2025-06-16 08:15:00,DEGRADED,0.72,$90.80,kwilliams
LOG-1326,ast-0023,25-Mar-2025 13:23:00, op,3.8,446.18,
LOG-1523,AST-0025,2025-05-10 22:06:00,Operational ,11.2,"$1,295.36",jchen
LOG-1788,AST-0039,2025/06/16 08:14,degraded,,1176.32,kwilliams
LOG-1073,AST-0022,2025/04/24 11:03,OFFLINE,10.26,1349.81,
LOG-1478,AST-0036,2025/02/06 01:32,degraded,6.84,$762.35,kwilliams
LOG-1042,AST-0007,2025-04-16 08:18:00,DEGRADED ,4.91,415.19,jchen
LOG-1140,AST-0012,2025/04/01 07:56,Degraded,9.66,818.55,arossi
LOG-1525,AST-0021,2025/05/21 16:21,OFFLINE,3.45,299.69,jchen
LOG-1337,AST-0028,2025/03/15 10:27,DEGRADED ,0.3,37.15,arossi
LOG-1517,AST-0022,2025/03/26 04:33,OFFLINE,10.06,1242.39,mrodriguez
LOG-1394,AST-0014,2025-06-14 23:42:00,Offline,6.64,719.29,mrodriguez
LOG-1193,AST-0027,2025-04-22 22:38:00,operational,1.04,111.06,mrodriguez
LOG-1680,AST-0019,14-Jun-2025 08:21:00,Offline,6.32,568.16,mrodriguez
LOG-1413,AST-0037,2025/03/04 16:30,offline,10.3,1286.15,mrodriguez
LOG-1544,AST-0032,06/04/2025 03:44,OFF LINE,3.41,$390.72,kwilliams
LOG-1452,AST-0003,2025/02/08 02:13,OFFLINE,6.37,690.31,tpatel
LOG-1125,AST-0029,2025/01/08 22:53,degraded,11.64,1456.67,mrodriguez
LOG-1587,AST-0031,2025/06/02 08:51,DEGRADED,8.83,837.08,arossi
LOG-1568,AST-0023,2025-03-30 13:33:00,off-line,8.89,814.2,kwilliams
LOG-1648,AST-0004,2025/02/24 03:00,OP,8.98,"$1,173.25",jchen
LOG-1687,AST-0037,01/24/2025 13:00,Op.,3.57,444.92,jchen
LOG-1227,AST-0032,26-Jan-2025 08:04:00,Operational ,7.99,"$1,017.48",kwilliams
LOG-1641,AST-0035,17-Apr-2025 11:01:00,Op.,6.2,680.03,tpatel
LOG-1191,AST-0035,03/13/2025 13:17,offline,10.06,1395.42,kwilliams
LOG-1366,AST-0036,04/26/2025 03:47,operational,7.58,763.44,
LOG-1464,AST-0030,2025-05-26 19:42:00,DEGRADED ,9.91,827.47,
LOG-1133,AST-0039,2025-04-08 14:03:00,OFF LINE,7.01,$683.31,arossi
LOG-1025,AST-0020,2025/05/02 09:41,DEGRADED ,8.44,772.35,
LOG-1891,AST-0007,03/20/2025 10:39,DEGRADED ,4.52,$387.88,mrodriguez
LOG-1881,AST-0029,2025/04/30 11:19,operational,4.41,447.85,mrodriguez
LOG-1649,AST-0037,2025-05-27 10:26:00,degraded,,560.41,
LOG-1224,AST-0013,29-Mar-2025 04:49:00, op,11.63,1415.34,mrodriguez
LOG-1597,AST-0031,05/12/2025 11:16,OFFLINE,9.65,1240.29,kwilliams
LOG-1538,AST-0020,2025/06/17 04:59,Offline,11.89,1387.44,tpatel
LOG-1643,AST-0022,2025-03-11 06:45:00,Degraded,11.91,$993.14,tpatel
LOG-1527,AST-0040,12-Jun-2025 10:16:00,off-line,0.85 hrs,$114.07,jchen
LOG-1775,AST-0021,2025-02-14 23:54:00,Offline,10.51,1451.46,jchen
LOG-1208,AST-0032,2025-01-03 20:43:00,OFF LINE,5.08 hrs,626.52,arossi
LOG-1330,AST-0037,05/29/2025 13:13,degraded,8.31,902.0,tpatel
LOG-1539,AST-0004,2025-03-09 05:09:00,Op.,6.83,$591.35,kwilliams
LOG-1266,AST-0028,05/13/2025 21:14,operational,1.26,135.07,
LOG-1401,AST-0005,04-Apr-2025 16:03:00,operational,2.45,$301.44,tpatel
LOG-1121,AST-0009,2025-04-19 07:46:00,DEGRADED ,7.81,684.68,
LOG-1516,AST-0013,02-Mar-2025 04:02:00,off-line,11.01,1307.32,arossi
LOG-1129,AST-0029,11-Jun-2025 01:00:00, op,0.88,82.85,jchen
LOG-1893,AST-0009,2025-04-25 14:35:00,OP,11.63,"$1,500.79",jchen
LOG-1236,AST-0005,2025-04-16 02:28:00,offline,4.55,395.11,
LOG-1603,AST-0012,06/02/2025 19:05,operational,1.62,185.44,mrodriguez
LOG-1766,AST-0010,01/11/2025 10:25,OFF LINE,10.34,$948.43,jchen
LOG-1529,AST-0013,2025-05-10 18:42:00,degraded,1.34,$163.37,
LOG-1607,AST-0003,2025-01-26 09:08:00,DEGRADED,4.97,$530.59,
LOG-1412,AST-0018,2025/05/04 21:36, op,6.74,611.47,tpatel
LOG-1177,AST-0037,2025-02-12 06:35:00, op,10.62,1435.59,kwilliams
LOG-1399,AST-0017,04/16/2025 08:04,DEGRADED ,4.54,590.78,mrodriguez
LOG-1131,AST-0031,2025-03-23 15:58:00,OPERATIONAL,3.26,368.15,jchen
LOG-1439,AST-0006,02/08/2025 08:00,DEGRADED,1.37,$148.50,arossi
LOG-1052,AST-0009,2025/04/27 02:53,OPERATIONAL,7.0,$745.00,kwilliams
LOG-1402,AST-0008,2025/03/29 15:46,degraded,7.19,$752.46,arossi
LOG-1197,AST-0021,2025/05/07 18:13,degraded,3.77,$423.28,
LOG-1118,AST-0006,2025/04/04 21:24,OPERATIONAL,8.56,953.96,tpatel
LOG-1765,AST-0023,02/26/2025 15:36, op,3.88,$396.26,
LOG-1717,AST-0034,27-Jun-2025 01:37:00,DEGRADED ,10.66,1411.52,tpatel
LOG-1174,AST-0018,19-Jun-2025 20:26:00,OPERATIONAL,7.48,707.22,
LOG-1836,AST-0032,15-Mar-2025 14:20:00,DEGRADED ,11.28,1224.64,jchen
LOG-1325,AST-0039,2025-05-26 19:01:00,Operational ,7.4,908.46,kwilliams
LOG-1531,AST-0022,24-May-2025 14:13:00,DEGRADED ,0.61,61.66,tpatel
LOG-1633,AST-0026,2025-05-07 12:39:00,offline,1.01,101.32,jchen
LOG-1157,AST-0022,04/21/2025 10:32,Degraded,8.88,"$1,230.08",arossi
LOG-1026,AST-0012,23-Apr-2025 01:13:00,DEGRADED,3.82,485.7,kwilliams
LOG-1128,AST-0034,2025-06-04 22:48:00,DEGRADED,9.22,"$1,238.42",mrodriguez
LOG-1589,AST-0007,2025/03/24 08:44,OPERATIONAL,6.81 hrs,843.81,tpatel
LOG-1565,AST-0032,2025/03/29 01:01,DEGRADED,6.6 hrs,905.85,arossi
LOG-1004,AST-0004,2025-05-03 13:58:00, op,8.81,$762.56,mrodriguez
LOG-1247,AST-0039,04/09/2025 01:54,Degraded,3.65,479.91,jchen
LOG-1424,AST-0031,27-Feb-2025 03:19:00,OP,3.41,412.56,mrodriguez
LOG-1629,AST-0012,01-Jun-2025 23:02:00,DEGRADED ,2.77,240.35,jchen
LOG-1270,AST-0017,2025-05-21 18:43:00,OFFLINE,2.93,242.14,kwilliams
LOG-1274,AST-0040,2025/02/14 03:51,DEGRADED ,11.97,1483.66,mrodriguez
LOG-1602,AST-0019,2025-05-21 03:05:00,Operational ,3.59,$420.45,mrodriguez
LOG-1519,AST-0037,2025/04/21 06:17,OP,1.62,159.56,tpatel
LOG-1229,AST-0007,05/20/2025 23:36,Offline,2.2,250.35,tpatel
LOG-1383,AST-0001,2025-04-27 18:25:00,OFF LINE,0.78,79.14,
LOG-1007,AST-0001,2025/06/29 08:52,DEGRADED ,3.6,445.79,kwilliams
LOG-1405,AST-0010,05/25/2025 15:43,OFF LINE,3.36,337.88,mrodriguez
LOG-1422,AST-0002,2025-03-29 17:45:00,DEGRADED,4.75,442.81,kwilliams
LOG-1475,AST-0025,10-Jan-2025 20:29:00,OFFLINE,4.0,398.44,
LOG-1359,AST-0040,2025/04/20 05:13,Offline,8.66,"$1,087.34",
LOG-1627,AST-0040,2025-02-14 00:32:00,OP,9.22,1133.59,arossi
LOG-1480,AST-0011,29-Jun-2025 19:07:00,off-line,7.57,"$1,025.38",mrodriguez
LOG-1200,AST-0005,02/04/2025 06:05,degraded,10.47,"$1,438.80",
LOG-1734,AST-0002,15-Apr-2025 03:05:00,OFFLINE,,1073.76,arossi
LOG-1605,AST-0002,2025/03/15 15:33, op,11.15,1541.03,
LOG-1550,AST-0009,25-Apr-2025 00:27:00,DEGRADED ,0.42,38.0,kwilliams
LOG-1732,AST-0033,2025/04/26 20:44,DEGRADED ,2.0,170.72,kwilliams
LOG-1762,AST-0025,2025/03/26 12:09,OFF LINE,1.44,$173.59,arossi
LOG-1713,AST-0022,02/22/2025 04:51,Operational ,4.63,470.59,arossi
LOG-1644,AST-0038,2025-01-16 11:06:00,DEGRADED,4.22 hrs,420.17,arossi
LOG-1296,AST-0028,2025/05/25 03:36,Offline,2.3,279.71,mrodriguez
LOG-1180,AST-0012,2025-01-06 03:32:00,OP,2.31,309.13,jchen
LOG-1136,AST-0038,05/16/2025 23:04,degraded,4.39,520.51,
LOG-1454,AST-0014,2025-06-27 04:17:00,Op.,5.35 hrs,683.0,mrodriguez
LOG-1102,AST-0023,03-Jun-2025 21:29:00,Operational ,7.0,914.97,arossi
LOG-1557,AST-0022,05/04/2025 08:59,DEGRADED,8.16,$658.66,kwilliams
LOG-1508,AST-0020,2025-03-02 06:38:00,OPERATIONAL,5.15,619.68,arossi
LOG-1599,AST-0014,2025-04-05 18:55:00,DEGRADED ,11.64,1023.41,
LOG-1421,AST-0017,2025/05/07 08:58,DEGRADED ,9.3,1280.37,arossi
LOG-1160,AST-0002,2025/01/17 09:25,off-line,11.61,"$1,174.63",
LOG-1831,AST-0003,01/18/2025 15:06,OFFLINE,4.66,$641.79,tpatel
LOG-1275,AST-0001,06/19/2025 22:42,offline,6.61,$803.83,
LOG-1829,AST-0013,2025/02/17 05:07,DEGRADED,10.45,1019.79,tpatel
LOG-1101,AST-0028,2025-06-08 00:45:00,Degraded,4.38,406.31,jchen
LOG-1290,AST-0031,07-Apr-2025 09:07:00,offline,11.69,"$1,395.92",
LOG-1678,AST-0038,02-Feb-2025 15:41:00,OP,6.04,$652.83,kwilliams
LOG-1291,AST-0004,05/20/2025 02:11,off-line,4.42,$577.75,
LOG-1390,AST-0029,01-Mar-2025 18:33:00,OFF LINE,2.04,262.06,tpatel
LOG-1446,AST-0011,2025/05/11 03:36,degraded,3.34,315.21,
LOG-1620,AST-0001,25-Jan-2025 22:20:00,DEGRADED ,5.09,$456.99,mrodriguez
LOG-1263,AST-0035,2025-05-06 12:49:00,offline,,$43.08,kwilliams
LOG-1609,AST-0026,2025/02/05 09:33,DEGRADED,10.92,970.53,tpatel
LOG-1566,AST-0035,20-Jun-2025 05:15:00,Degraded,4.96,$682.15,tpatel
LOG-1181,AST-0026,2025-05-02 20:01:00,operational,5.86,471.2,tpatel
LOG-1862,AST-0009,04/20/2025 14:48,Offline,3.51,369.68,
LOG-1689,AST-0010,22-Jan-2025 22:55:00,DEGRADED ,8.9,1194.59,jchen
LOG-1264,AST-0033,2025/02/22 03:41,DEGRADED ,1.22,$142.69,arossi
LOG-1706,AST-0024,2025/05/25 21:39,OP,2.68,228.26,mrodriguez
LOG-1658,AST-0034,2025/02/15 20:09,operational,7.3,721.27,
LOG-1618,AST-0023,01/10/2025 00:50,degraded,6.29,$572.36,arossi
LOG-1863,AST-0011,2025/03/14 19:53,Operational ,8.2,$726.48,tpatel
LOG-1436,AST-0032,2025/05/22 00:54, op,7.46,1024.97,tpatel
LOG-1555,AST-0021,2025-06-25 02:00:00,OP,7.74,819.72,tpatel
LOG-1622,AST-0024,2025/01/26 07:21,OFF LINE,9.22,"$1,130.31",mrodriguez
LOG-1360,AST-0019,10-Apr-2025 16:53:00,OFFLINE,0.79,69.86,jchen
LOG-1420,AST-0033,2025-01-20 09:09:00,Offline,4.24,$469.78,arossi
LOG-1834,AST-0008,08-Jun-2025 04:44:00,offline,4.58,547.46,mrodriguez
LOG-1466,AST-0016,04/14/2025 18:29,OFF LINE,5.13,606.97,
LOG-1660,AST-0032,08-Apr-2025 02:45:00,OFFLINE,3.97,480.23,mrodriguez
LOG-1127,AST-0034,03/18/2025 05:09,OP,1.88,222.72,jchen
LOG-1898,AST-0001,01/30/2025 03:03,OFFLINE,10.58,1135.51,tpatel
LOG-1314,AST-0034,2025/05/23 07:14, op,2.01,231.07,jchen
LOG-1309,AST-0007,16-Jan-2025 14:27:00,off-line,11.66,1320.1,kwilliams
LOG-1016,AST-0001,03/02/2025 17:19,Offline,2.15,263.03,
LOG-1799,AST-0009,2025/03/01 13:10,DEGRADED ,1.05,99.26,tpatel
LOG-1379,AST-0029,2025-03-30 14:52:00,degraded,,343.89,arossi
LOG-1664,AST-0021,2025/06/10 02:27,Operational ,10.43,1422.96,tpatel
LOG-1819,AST-0025,26-Mar-2025 09:43:00,Degraded,4.66,$392.91,mrodriguez
LOG-1195,AST-0037,28-Feb-2025 01:18:00,Operational ,10.55,1173.95,arossi
LOG-1214,AST-0020,01/30/2025 13:45,off-line,8.21,845.88,
LOG-1356,AST-0026,05/29/2025 17:58, op,5.47,466.49,kwilliams
LOG-1221,AST-0011,26-Jan-2025 06:36:00,Degraded,,640.73,jchen
LOG-1386,AST-0036,06/09/2025 05:54,OPERATIONAL,0.31,34.79,
LOG-1721,AST-0038,02/17/2025 02:14,DEGRADED ,11.85,990.62,tpatel
LOG-1170,AST-0021,06/24/2025 03:49,Degraded,6.67,880.84,tpatel
LOG-1559,AST-0039,2025-04-27 03:49:00,OFFLINE,1.27,130.25,mrodriguez
LOG-1430,AST-0012,10-Apr-2025 20:42:00,Operational ,5.79,590.32,
LOG-1673,AST-0028,2025/06/08 11:23,Offline,11.94,1440.34,mrodriguez
LOG-1223,AST-0040,11-Mar-2025 03:45:00,Degraded,5.31,632.22,arossi
LOG-1037,AST-0011,2025/06/03 00:13,OP,6.53,754.3,kwilliams
LOG-1838,AST-0006,2025/02/24 20:36, op,11.47,"$1,289.69",
LOG-1873,AST-0028,05/04/2025 06:00,DEGRADED ,6.3,839.69,arossi
LOG-1782,AST-0022,05-Feb-2025 19:09:00,Degraded,9.01,"$1,177.85",mrodriguez
LOG-1649,AST-0037,2025/05/26 20:26,degraded,,560.41,
LOG-1128,AST-0034,2025-06-04 22:48:00,DEGRADED,9.22,"$1,238.42",mrodriguez
LOG-1461,AST-0025,2025/02/04 13:33,offline,7.45,$882.48,jchen
LOG-1003,AST-0037,03/28/2025 01:07,DEGRADED ,2.49,263.6,
LOG-1533,AST-0035,2025/03/25 22:01,off-line,3.05,273.1,mrodriguez
LOG-1807,AST-0027,2025/02/24 21:25,Op.,6.55,$858.23,arossi
LOG-1416,AST-0034,2025-02-22 03:36:00,Op.,6.06 hrs,794.07,mrodriguez
LOG-1116,AST-0004,09-Mar-2025 03:02:00,Op.,10.4,1215.77,arossi
LOG-1805,AST-0013,04/24/2025 17:14,off-line,11.28,1047.09,kwilliams
LOG-1511,AST-0014,2025-04-22 10:06:00,OP,8.82,1228.02,
LOG-1151,AST-0005,2025/03/23 21:58,OFF LINE,4.3,545.31,mrodriguez
LOG-1469,AST-0025,20-May-2025 09:25:00,DEGRADED ,5.51,680.92,arossi
LOG-1154,AST-0011,04/18/2025 17:39,Op.,7.59,760.95,jchen
LOG-1014,AST-0007,06/20/2025 22:14,DEGRADED,10.7,$955.80,tpatel
LOG-1741,AST-0002,2025-02-18 23:58:00,OP,7.91,902.49,arossi
LOG-1331,AST-0011,06/03/2025 00:48,DEGRADED,5.78,713.89,
LOG-1148,AST-0005,11-Apr-2025 02:58:00,degraded,8.61,1018.24,jchen
LOG-1631,AST-0020,2025/05/06 01:45,OP,5.04,532.62,kwilliams
LOG-1592,AST-0005,12-Mar-2025 01:33:00,OFFLINE,3.73,454.62,mrodriguez
LOG-1225,AST-0021,2025-03-12 00:00:00,OPERATIONAL,1.59,183.7,arossi
LOG-1694,ast-0027,2025/01/18 04:48,OFF LINE,9.8,1128.31,
LOG-1108,AST-0020,23-Jun-2025 09:11:00,operational,3.65,400.93,arossi
LOG-1772,AST-0002,06/01/2025 08:38,DEGRADED,4.23,454.18,mrodriguez
LOG-1010,AST-0016,2025-04-16 09:20:00,OFFLINE,5.18,576.88,
LOG-1398,AST-0025,2025/03/27 12:02,OPERATIONAL,11.77,1438.58,
LOG-1584,AST-0030,2025/02/02 09:57,degraded,5.63,$571.53,jchen
LOG-1363,AST-0036,2025/06/20 06:25,off-line,11.11,1495.53,mrodriguez
LOG-1447,AST-0018,21-Feb-2025 19:46:00,degraded,10.28,1001.02,tpatel
LOG-1869,AST-0031,04/18/2025 19:50,DEGRADED,8.32,$993.86,tpatel
LOG-1548,AST-0019,2025-01-31 11:51:00,OFF LINE,9.06,"$1,031.23",mrodriguez
LOG-1486,AST-0012,2025/02/06 04:53,OFFLINE,0.72,70.77,jchen
LOG-1493,AST-0018,01/28/2025 15:54,operational,2.42,$282.46,mrodriguez
LOG-1874,AST-0013,2025-06-15 19:43:00,off-line,8.51,805.5,arossi
LOG-1757,AST-0015,2025/06/28 01:21,operational,2.56,214.45,kwilliams
LOG-1203,AST-0014,09-Mar-2025 11:38:00,DEGRADED,6.86,$608.86,arossi
LOG-1313,AST-0025,2025/04/12 06:47,Offline,10.32,"$1,393.51",arossi
LOG-1304,AST-0011,2025/04/21 13:24,OPERATIONAL,1.44,131.61,
LOG-1740,AST-0016,2025/03/31 17:51,Operational ,0.96,100.25,mrodriguez
LOG-1438,AST-0026,2025/02/19 09:06,DEGRADED ,5.11,415.88,
LOG-1094,AST-0012,2025-02-18 07:24:00,Op.,5.2,435.83,arossi
LOG-1714,AST-0027,05/24/2025 07:23, op,5.11,549.45,tpatel
LOG-1401,AST-0005,04-Apr-2025 16:03:00,operational,2.45,$301.44,tpatel
LOG-1265,AST-0014,06/27/2025 08:50,Offline,4.84,629.55,
LOG-1276,AST-0025,06-Jun-2025 21:21:00, op,6.48,$709.70,
LOG-1219,AST-0029,2025/04/12 09:30,OPERATIONAL,1.3,150.56,jchen
LOG-1537,AST-0010,05/01/2025 07:26,Degraded,4.83,443.1,arossi
LOG-1429,AST-0034,25-Mar-2025 18:04:00,OFFLINE,0.39,44.8,tpatel
LOG-1462,AST-0003,06/02/2025 01:00,OPERATIONAL,2.62,225.12,
LOG-1305,AST-0035,18-Feb-2025 06:57:00,degraded,1.38,155.91,jchen
LOG-1083,AST-0034,02-Apr-2025 08:22:00,Operational ,10.99,"$1,517.09",jchen
LOG-1433,AST-0009,12-Jun-2025 14:45:00,Degraded,3.2,$265.16,mrodriguez
LOG-1280,AST-0007,2025/01/30 22:09,Degraded,5.03,$693.53,tpatel
LOG-1070,AST-0035,2025/03/10 16:03,degraded,11.77,1212.05,tpatel
LOG-1145,AST-0009,07-Apr-2025 09:14:00,Degraded,7.88,684.04,kwilliams
LOG-1786,AST-0024,01/26/2025 07:04,DEGRADED,6.12,$619.83,kwilliams
LOG-1180,AST-0012,03-Jan-2025 13:32:00,degraded,2.31,309.13,jchen
LOG-1650,AST-0035,02/27/2025 01:03,DEGRADED ,3.2,384.94,
LOG-1258,AST-0010,2025-01-13 10:53:00,offline,5.42,$637.85,
LOG-1567,AST-0006,2025/06/03 03:10,degraded,2.33 hrs,$240.11,jchen
LOG-1433,AST-0009,12-Jun-2025 14:45:00,Degraded,3.2,$265.16,mrodriguez
LOG-1700,AST-0035,2025-02-04 18:07:00,DEGRADED ,1.99,173.11,kwilliams
LOG-1023,ast-0028,04-Mar-2025 22:19:00,DEGRADED,4.78,455.45,arossi
LOG-1763,AST-0013,20-Jan-2025 18:53:00,off-line,8.63,1125.76,arossi
LOG-1513,AST-0040,12-Feb-2025 08:46:00,OPERATIONAL,1.64,209.6,arossi
LOG-1725,AST-0006,2025-01-17 19:02:00,degraded,5.85,597.62,arossi
LOG-1058,AST-0028,2025-01-23 16:27:00,DEGRADED,10.92,$920.39,
LOG-1440,AST-0006,19-Jan-2025 22:04:00,offline,1.24,$128.20,kwilliams
LOG-1370,AST-0040,06/08/2025 00:30,OFF LINE,4.82,616.04,jchen
LOG-1063,AST-0032,2025/02/22 11:14,OFFLINE,5.59,555.63,arossi
LOG-1726,AST-0026,08-Jun-2025 17:53:00,off-line,7.73,937.97,kwilliams
LOG-1615,AST-0019,03/17/2025 22:35,degraded,0.58,63.56,tpatel
LOG-1032,AST-0033,2025/03/19 16:27,Op.,10.37,1297.36,arossi
LOG-1581,AST-0003,2025-01-20 00:13:00,offline,2.11 hrs,$233.99,kwilliams
LOG-1327,AST-0024,13-Apr-2025 05:02:00,DEGRADED,5.91,570.84,
LOG-1218,AST-0021,2025-03-07 15:55:00,OPERATIONAL,11.33,"$1,423.96",kwilliams
LOG-1655,AST-0028,2025-04-28 18:26:00,operational,3.45 hrs,$439.46,
LOG-1149,AST-0013,05/25/2025 04:35, op,0.56,57.2,arossi
LOG-1481,AST-0006,2025-01-21 10:57:00,OP,11.14,"$1,439.38",jchen
LOG-1159,AST-0027,02/15/2025 04:42,Degraded,2.48,346.6,kwilliams
LOG-1558,AST-0023,09-Feb-2025 22:38:00,degraded,0.65,54.22,mrodriguez
LOG-1039,AST-0027,2025-02-15 22:11:00,DEGRADED,,"$1,240.89",
LOG-1875,AST-0039,2025/01/08 17:03,Op.,11.18,"$1,500.67",mrodriguez
LOG-1285,AST-0029,05/28/2025 07:52,Operational ,1.69,140.33,
LOG-1117,AST-0003,03/23/2025 20:54,DEGRADED ,6.14,657.17,
LOG-1487,AST-0023,05-May-2025 13:48:00,Degraded,3.03,333.53,kwilliams
LOG-1254,AST-0020,02/01/2025 01:34,operational,,538.22,
LOG-1217,AST-0006,21-May-2025 13:39:00,Op.,1.11,114.11,kwilliams
LOG-1497,AST-0016,2025/03/19 20:01,OP,8.89,878.1,arossi
LOG-1618,AST-0023,09-Jan-2025 20:50:00,DEGRADED,6.29,$572.36,arossi
LOG-1350,AST-0018,2025/06/02 03:15,off-line,9.65,"$1,233.41",jchen
LOG-1324,AST-0014,2025/02/18 23:38,OFFLINE,10.41,1258.9,mrodriguez
LOG-1704,AST-0008,2025-04-01 19:45:00,Operational ,0.49,44.85,mrodriguez
LOG-1336,AST-0029,02/19/2025 19:03,OP,9.23,"$1,161.26",
LOG-1411,AST-0021,16-Mar-2025 10:16:00,operational,5.26,503.27,arossi
LOG-1204,AST-0027,02/23/2025 17:42,Operational ,2.95,279.49,tpatel
LOG-1443,AST-0034,27-Apr-2025 11:16:00,DEGRADED ,6.59,701.91,tpatel
LOG-1406,AST-0025,03/12/2025 04:06,OPERATIONAL,2.63,289.99,jchen
LOG-1110,AST-0028,2025/04/15 09:13,off-line,3.65,$503.60,kwilliams
LOG-1184,AST-0024,2025/03/17 16:51,offline,9.2,1064.89,arossi
LOG-1796,AST-0016,2025/06/14 03:59,OFF LINE,,998.63,kwilliams
LOG-1208,AST-0032,2025/01/03 22:43,DEGRADED ,5.08 hrs,626.52,arossi
LOG-1476,AST-0026,2025/06/26 18:32,OFF LINE,6.18,601.85,jchen
LOG-1547,AST-0020,2025-04-22 14:24:00,DEGRADED,5.76,622.97,tpatel
LOG-1564,ast-0010,04/30/2025 07:24,OPERATIONAL,4.84,482.98,
LOG-1534,AST-0038,2025/03/20 11:42,Offline,6.65,$796.38,arossi
LOG-1477,AST-0031,2025-04-15 00:39:00,off-line,3.34,354.27,kwilliams
LOG-1357,AST-0002,2025/01/19 16:27,DEGRADED,6.8 hrs,581.09,tpatel
LOG-1879,AST-0012,15-Mar-2025 04:39:00,OPERATIONAL,5.31,593.37,kwilliams
LOG-1685,AST-0002,2025-02-21 18:02:00,Degraded,7.19,$936.27,
LOG-1473,AST-0037,2025-05-30 04:31:00,Offline,0.69,71.0,tpatel
LOG-1397,AST-0023,01/08/2025 08:35,degraded,0.99,$81.74,tpatel
LOG-1228,AST-0038,2025/03/14 23:08,OFFLINE,9.54,1275.79,jchen
LOG-1074,AST-0032,2025-06-08 19:29:00,OFFLINE,3.01,$292.70,jchen
LOG-1408,AST-0028,2025/04/06 00:50,DEGRADED,8.45,1151.78,tpatel
LOG-1364,AST-0007,14-Mar-2025 01:36:00,Operational ,5.17,$628.42,tpatel
LOG-1162,AST-0037,04/13/2025 06:36,Degraded,1.11,$139.71,
LOG-1384,AST-0020,2025-04-21 10:07:00,DEGRADED ,4.73,$387.15,
LOG-1856,AST-0031,2025/04/28 08:17,degraded,,191.04,
LOG-1107,AST-0023,2025-03-20 06:19:00,DEGRADED ,6.44,600.41,mrodriguez
LOG-1158,AST-0007,02/28/2025 02:14,DEGRADED,3.39,$290.89,arossi
LOG-1722,AST-0008,12-Jan-2025 14:32:00,OP,6.98 hrs,$700.36,arossi
LOG-1574,AST-0038,01-Feb-2025 13:48:00,OPERATIONAL,3.47,312.59,mrodriguez
LOG-1716,AST-0028,2025/01/12 04:33,Op.,11.09,1269.51,
LOG-1250,AST-0033,17-May-2025 11:56:00,Offline,5.59,642.39,jchen
LOG-1758,AST-0002,18-Apr-2025 20:48:00,degraded,1.52,$152.68,mrodriguez
LOG-1058,AST-0028,01/21/2025 21:27,offline,10.92,$920.39,
LOG-1659,AST-0016,2025/06/20 07:15,operational,1.51,145.67,jchen
LOG-1635,AST-0026,2025/03/06 19:48,OFF LINE,11.41,"$1,262.91",jchen
LOG-1043,AST-0020,2025-06-04 18:59:00,OFFLINE,4.33,442.67,kwilliams
LOG-1785,AST-0030,2025-03-04 00:21:00,degraded,5.29,555.77,jchen
LOG-1269,AST-0018,2025-04-06 08:45:00,DEGRADED,6.08,506.62,mrodriguez
LOG-1460,AST-0025,05/14/2025 13:23,OP,10.32,973.46,arossi
LOG-1518,AST-0037,05-May-2025 18:57:00,DEGRADED,11.64,952.97,mrodriguez
LOG-1423,AST-0023,2025-04-05 00:38:00,Offline,3.17,381.74,mrodriguez
LOG-1883,AST-0018,2025/01/22 15:00,DEGRADED ,9.65,960.11,arossi
LOG-1085,AST-0006,2025/05/24 22:32,Operational ,6.55,788.42,
LOG-1382,AST-0036,01/13/2025 19:45,DEGRADED ,4.81,$509.77,arossi
LOG-1825,AST-0028,2025/01/31 04:29,Degraded,6.13,816.51,
LOG-1639,AST-0008,2025/03/11 20:06,DEGRADED ,5.45 hrs,493.84,
LOG-1524,AST-0007,05-Apr-2025 18:26:00,OP,9.16,$848.13,arossi
LOG-1375,AST-0020,31-Mar-2025 07:14:00,Op.,3.98,$362.31,kwilliams
LOG-1451,AST-0012,04-Feb-2025 23:42:00,DEGRADED,1.68,159.5,
LOG-1843,AST-0008,2025/04/15 16:46, op,11.46,$917.95,kwilliams
LOG-1696,AST-0029,24-Apr-2025 13:28:00,degraded,,$379.28,kwilliams
LOG-1634,AST-0015,2025/06/02 13:45,off-line,3.52,$404.50,
LOG-1418,AST-0026,2025/03/06 06:50,degraded,6.33,$532.46,arossi
LOG-1410,AST-0027,02/16/2025 22:22,Op.,8.99 hrs,1001.06,mrodriguez
LOG-1293,ast-0035,02/26/2025 06:16,DEGRADED,1.31,122.0,arossi
LOG-1818,AST-0031,2025/01/04 14:33,DEGRADED,9.17,"$1,061.07",tpatel
LOG-1852,AST-0031,2025-02-02 16:49:00,OP,7.89,1090.27,jchen
LOG-1499,AST-0003,2025/04/12 12:37,OFFLINE,2.48,330.0,mrodriguez
LOG-1582,AST-0038,16-Apr-2025 13:01:00,degraded,9.03,$847.05,mrodriguez
LOG-1126,AST-0020,2025/06/25 18:45,Operational ,8.22,874.9,arossi
LOG-1143,AST-0033,05/26/2025 20:02,operational,10.22,"$1,086.29",
LOG-1665,AST-0028,2025-06-09 14:37:00,Op.,,349.44,tpatel
LOG-1452,AST-0003,2025/02/06 06:13,OFFLINE,6.37,690.31,tpatel
LOG-1781,AST-0005,2025-03-07 08:54:00,DEGRADED,9.48,$814.38,mrodriguez
LOG-1262,AST-0016,2025-04-01 22:42:00,OFFLINE,11.85,1041.84,tpatel
LOG-1484,AST-0040,2025-02-19 09:14:00,DEGRADED,1.03,123.37,jchen
LOG-1264,AST-0033,2025/02/22 03:41,DEGRADED ,1.22,$142.69,arossi
LOG-1471,AST-0036,04/04/2025 01:46,OPERATIONAL,5.66,542.79,tpatel
LOG-1790,AST-0025,02/21/2025 16:01,Operational ,,667.58,kwilliams
LOG-1727,AST-0011,01/27/2025 06:39,DEGRADED ,1.77,$233.28,kwilliams
LOG-1183,AST-0020,2025-05-06 15:55:00,Offline,4.57,628.11,arossi
LOG-1072,AST-0007,2025/04/06 17:54,Op.,1.94,$268.10,tpatel
LOG-1091,AST-0014,2025-04-27 19:38:00,Operational ,3.11,$354.15,mrodriguez
LOG-1361,AST-0017,04/22/2025 04:51,OPERATIONAL,11.18,1200.99,jchen
LOG-1372,AST-0015,15-Jun-2025 22:20:00,OFF LINE,8.93,"$1,102.81",
LOG-1590,AST-0016,2025-04-28 21:34:00, op,8.11,872.29,kwilliams
LOG-1286,AST-0026,2025-04-01 07:36:00,DEGRADED ,2.28,$208.00,jchen
LOG-1069,AST-0019,13-May-2025 04:09:00,OFF LINE,11.99,1066.1,arossi
LOG-1885,AST-0028,2025-06-27 18:07:00,DEGRADED ,3.65,$458.64,arossi
LOG-1302,AST-0015,2025/01/30 14:39,OPERATIONAL,3.72,$510.01,kwilliams
LOG-1173,AST-0010,2025-02-22 21:00:00,DEGRADED,4.32,412.07,arossi
LOG-1321,AST-0003,2025-03-25 02:15:00,degraded,3.47,382.77,jchen
LOG-1465,AST-0005,01-Jun-2025 21:47:00,operational,11.54,1425.31,arossi
LOG-1096,AST-0004,2025/03/29 04:42,DEGRADED,6.01,$507.30,jchen
LOG-1510,AST-0028,2025-06-03 12:28:00,DEGRADED ,1.83,176.53,
LOG-1089,AST-0027,2025-04-30 05:23:00,DEGRADED ,11.28,"$1,369.58",mrodriguez
LOG-1800,AST-0011,2025-02-01 01:18:00,OFFLINE,2.33,$290.05,jchen
LOG-1816,AST-0030,02/26/2025 16:48,offline,3.13,$297.16,
LOG-1560,AST-0008,05/07/2025 15:21,Degraded,5.74,679.2,kwilliams
LOG-1562,AST-0012,03/24/2025 10:54,operational,7.42,$812.66,mrodriguez
LOG-1784,AST-0001,03/27/2025 22:13,degraded,2.92,316.72,kwilliams
LOG-1146,AST-0036,22-Jan-2025 10:30:00,DEGRADED ,2.77,336.94,mrodriguez
LOG-1015,AST-0014,06-May-2025 03:43:00,off-line,3.2,265.75,jchen
LOG-1824,AST-0011,2025-01-03 05:54:00,Op.,8.61,1053.56,mrodriguez
LOG-1052,AST-0009,04/29/2025 17:53,Offline,7.0,$745.00,kwilliams
LOG-1509,AST-0037,05/24/2025 07:47,Degraded,11.19,1096.15,jchen
LOG-1642,AST-0019,2025-02-28 08:12:00,OP,0.78,78.73,
LOG-1580,AST-0011,2025-05-02 23:53:00,Op.,4.53,430.73,kwilliams
LOG-1156,AST-0020,03/29/2025 22:01,off-line,,312.64,mrodriguez
LOG-1076,AST-0016,2025/04/07 16:42,offline,,297.56,arossi
LOG-1621,AST-0036,2025-04-22 16:06:00,DEGRADED ,11.01,$967.49,
LOG-1625,AST-0003,13-Jan-2025 01:26:00,OFFLINE,9.12,"$1,233.08",mrodriguez
LOG-1213,AST-0018,2025-06-13 17:09:00,Operational ,0.43,38.12,jchen
LOG-1244,AST-0029,04/10/2025 11:03,DEGRADED,8.9,844.18,tpatel
LOG-1396,AST-0011,05/18/2025 20:17,degraded,2.35,280.98,kwilliams
LOG-1699,AST-0001,2025-02-04 17:37:00,Op.,11.65,1078.25,kwilliams
LOG-1792,AST-0020,2025/03/20 16:18,OP,7.01,646.17,mrodriguez
LOG-1729,AST-0003,04/06/2025 04:02,Operational ,3.83,$373.96,arossi
LOG-1040,AST-0003,2025-05-18 07:17:00,operational,10.11,953.5,mrodriguez
LOG-1441,AST-0009,01/24/2025 21:33,OPERATIONAL,8.05,801.07,arossi
LOG-1638,AST-0013,2025/02/23 10:35,Degraded,6.62,$744.30,kwilliams
LOG-1368,AST-0035,2025/02/22 01:14,OP,1.5,$124.78,mrodriguez
LOG-1886,AST-0012,15-Feb-2025 09:56:00,Operational ,11.93,"$1,541.79",jchen
LOG-1347,AST-0033,2025-01-14 15:53:00,degraded,5.62,$538.66,jchen
LOG-1134,AST-0027,2025-02-04 02:23:00,Offline,1.05,115.96,kwilliams
LOG-1804,AST-0015,2025-06-24 12:49:00,offline,8.76 hrs,970.17,
LOG-1458,AST-0029,12-Apr-2025 18:24:00,off-line,2.48,250.13,arossi
LOG-1349,AST-0022,2025/03/07 02:03,Offline,10.57,"$1,362.45",kwilliams
LOG-1871,AST-0033,22-Feb-2025 05:08:00,degraded,3.84,525.49,jchen
LOG-1535,AST-0032,2025/01/21 19:29,DEGRADED,9.91,"$1,361.17",arossi
LOG-1667,AST-0020,2025-02-27 02:40:00,operational,3.18,400.86,arossi
LOG-1623,AST-0009,06/05/2025 23:28,offline,3.86,536.02,jchen
LOG-1746,AST-0022,26-Apr-2025 15:05:00,off-line,3.46,$343.57,tpatel
LOG-1528,AST-0028,03/13/2025 08:18,OFF LINE,10.72,1301.49,tpatel
LOG-1513,AST-0040,12-Feb-2025 08:46:00,OPERATIONAL,1.64,209.6,arossi
LOG-1164,AST-0033,2025-03-15 01:41:00,OPERATIONAL,1.86,201.67,arossi
LOG-1878,AST-0033,2025-05-31 07:39:00,DEGRADED ,0.93 hrs,$100.09,tpatel
LOG-1787,AST-0035,24-Feb-2025 13:08:00,OFFLINE,6.92 hrs,611.37,arossi
LOG-1144,AST-0024,2025/03/07 22:15,OFFLINE,7.36,1007.8,arossi
LOG-1669,AST-0013,2025/01/16 08:44,degraded,4.87,633.49,jchen
LOG-1697,AST-0035,2025-01-04 06:16:00,DEGRADED,0.41,44.12,
LOG-1897,AST-0032,2025-05-05 15:28:00, op,9.07,1149.73,mrodriguez
LOG-1220,AST-0019,2025/03/17 07:57,Op.,10.84,1503.4,kwilliams
LOG-1237,AST-0021,2025/04/19 16:12,off-line,7.15,934.73,
LOG-1735,AST-0034,2025/02/04 11:28,OFFLINE,1.66,$150.70,mrodriguez
LOG-1270,AST-0017,05/21/2025 22:43,DEGRADED ,2.93,242.14,kwilliams
LOG-1640,AST-0011,2025/03/31 11:18,Operational ,8.66,749.63,
LOG-1080,AST-0001,2025-04-14 00:34:00,off-line,10.04,"$1,270.51",mrodriguez
LOG-1474,ast-0023,2025/06/10 03:52,DEGRADED,10.47,1247.68,
LOG-1698,AST-0039,2025/05/13 03:33,Degraded,8.37,1008.64,mrodriguez
LOG-1155,AST-0006,09-Jan-2025 06:37:00,offline,9.26,1095.82,tpatel
LOG-1165,AST-0009,01-Mar-2025 16:54:00, op,11.89,1164.67,arossi
LOG-1297,AST-0038,05/29/2025 06:24,Degraded,8.87,$804.18,arossi
LOG-1038,AST-0009,2025/06/07 19:19,OPERATIONAL,3.31,355.1,tpatel
LOG-1872,AST-0006,01/14/2025 23:04,operational,,681.03,jchen
LOG-1600,AST-0002,02/23/2025 01:39,OPERATIONAL,10.49,1435.52,tpatel
LOG-1094,AST-0012,2025-02-18 07:24:00,Op.,5.2,435.83,arossi
LOG-1391,AST-0016,05/24/2025 00:36,off-line,3.5,422.71,kwilliams
LOG-1815,AST-0010,06/20/2025 19:23,OPERATIONAL,2.29,$292.47,kwilliams
LOG-1601,AST-0021,2025/03/30 12:00,Degraded,6.92,680.86,tpatel
LOG-1024,AST-0013,2025/03/08 07:18,Op.,11.07,"$1,326.22",arossi
LOG-1153,AST-0019,2025-06-03 23:56:00,degraded,7.71,674.7,arossi
LOG-1793,AST-0001,2025/01/26 23:25, op,7.36,734.04,kwilliams
LOG-1826,AST-0006,20-Jan-2025 21:25:00,Operational ,9.05,940.1,kwilliams
LOG-1514,AST-0027,2025-03-17 08:58:00,Degraded,6.83,$551.03,jchen
LOG-1103,AST-0036,05-Jan-2025 18:42:00,operational,3.46,468.11,mrodriguez
LOG-1515,AST-0020,24-Feb-2025 15:57:00,OPERATIONAL,8.31,1025.98,mrodriguez
LOG-1759,AST-0005,2025/05/22 05:18,Op.,5.5,761.59,
LOG-1417,AST-0003,05/23/2025 17:10,offline,8.17,974.69,tpatel
LOG-1339,AST-0011,2025-01-12 21:14:00,Degraded,5.61,625.22,mrodriguez
LOG-1099,AST-0028,26-Feb-2025 21:26:00,degraded,8.32,$711.14,
LOG-1690,AST-0024,04/04/2025 07:48,DEGRADED ,10.65,1211.79,tpatel
LOG-1719,AST-0029,07-May-2025 23:17:00,off-line,9.36,796.13,
LOG-1132,AST-0019,13-Feb-2025 06:15:00,OPERATIONAL,3.05,$357.97,kwilliams
LOG-1364,AST-0007,12-Mar-2025 12:36:00,off-line,5.17,$628.42,tpatel
LOG-1743,AST-0030,24-Jun-2025 23:10:00,offline,0.26,28.32,kwilliams
LOG-1400,AST-0034,15-Mar-2025 21:09:00,DEGRADED ,9.56,768.58,mrodriguez
LOG-1332,AST-0022,30-Apr-2025 11:16:00,OFF LINE,2.87,302.01,arossi
LOG-1739,AST-0021,27-Jan-2025 17:25:00,Offline,4.66,$406.62,arossi
LOG-1728,AST-0003,05/16/2025 21:29,Offline,11.08,"$1,453.02",tpatel
LOG-1512,AST-0019,19-Mar-2025 17:49:00,Degraded,11.14,1222.99,mrodriguez
LOG-1407,AST-0012,2025-03-28 15:06:00,OFF LINE,9.09,1086.83,jchen
LOG-1289,AST-0023,16-Jun-2025 03:32:00,Degraded,2.36,219.81,jchen
LOG-1769,AST-0016,29-Mar-2025 12:24:00,off-line,2.66,370.78,jchen
LOG-1365,AST-0019,03/24/2025 10:30, op,7.33,811.71,tpatel
LOG-1008,AST-0010,04-Feb-2025 13:40:00,OPERATIONAL,7.06,$881.64,arossi
LOG-1888,AST-0010,03/20/2025 08:32,DEGRADED ,,137.86,mrodriguez
LOG-1095,AST-0007,03/24/2025 06:50,OFFLINE,8.8,1051.9,jchen
LOG-1322,AST-0016,2025/03/09 19:19,off-line,2.34,269.6,tpatel
LOG-1049,AST-0036,07-Apr-2025 15:37:00,Degraded,4.38,$430.98,tpatel
LOG-1046,AST-0030,2025/04/14 17:42,DEGRADED,6.06,662.07,tpatel
LOG-1495,ast-0024,2025/02/03 11:48,DEGRADED ,1.87,153.22,tpatel
LOG-1809,AST-0005,2025-03-03 00:05:00,OFF LINE,5.52,687.29,jchen
LOG-1577,AST-0040,2025-05-06 21:58:00,offline,8.68,740.24,kwilliams
LOG-1045,AST-0031,2025/03/26 15:03,OFF LINE,3.4,$441.47,mrodriguez
LOG-1578,AST-0001,04/12/2025 12:40,OPERATIONAL,11.84,1386.88,arossi
LOG-1583,AST-0027,06/08/2025 08:35,degraded,1.11,92.42,arossi
LOG-1087,AST-0030,15-Jun-2025 13:10:00,off-line,1.62 hrs,133.22,mrodriguez
LOG-1275,AST-0001,2025/06/19 17:42,operational,6.61,$803.83,
LOG-1246,AST-0040,2025/04/26 04:37,OP,1.89,$174.67,tpatel
LOG-1033,AST-0032,04/25/2025 02:18,DEGRADED ,1.16,111.71,mrodriguez
LOG-1653,AST-0028,16-Mar-2025 16:27:00,Op.,2.64,341.68,arossi
LOG-1206,ast-0035,2025-04-27 20:06:00,OFFLINE,,"$1,305.00",mrodriguez
LOG-1564,ast-0010,2025-04-29 20:24:00,Op.,4.84,482.98,
LOG-1192,AST-0035,03/11/2025 01:05, op,4.32,588.58,
LOG-1316,AST-0018,03/15/2025 08:37,OFF LINE,8.25,855.92,jchen
LOG-1224,AST-0013,31-Mar-2025 20:49:00,DEGRADED,11.63,1415.34,mrodriguez
LOG-1774,AST-0024,2025/02/27 21:09,offline,11.07,1275.7,mrodriguez
LOG-1011,AST-0021,13-Feb-2025 10:50:00,degraded,8.14,805.62,kwilliams
LOG-1611,AST-0029,02/22/2025 13:03,off-line,8.81,1146.45,tpatel
LOG-1216,AST-0021,06-Jan-2025 09:26:00,DEGRADED ,2.93,$300.40,kwilliams
LOG-1066,AST-0011,2025-02-26 13:41:00,off-line,1.35,181.95,mrodriguez
LOG-1109,AST-0015,02-Apr-2025 01:40:00, op,10.38 hrs,842.07,arossi
LOG-1554,AST-0015,2025/03/11 03:22,Degraded,1.96,158.2,
LOG-1166,AST-0032,10-May-2025 00:31:00,DEGRADED,4.58,635.68,
LOG-1288,AST-0013,04/27/2025 23:47,OFF LINE,9.59,1217.11,kwilliams
LOG-1245,AST-0023,2025-06-06 23:00:00,DEGRADED,9.36,1204.09,
LOG-1028,AST-0040,2025-03-03 00:27:00,Op.,3.9,$346.48,arossi
LOG-1343,AST-0008,10-Apr-2025 15:06:00,degraded,2.66,214.29,arossi
LOG-1866,AST-0018,01/27/2025 15:19,DEGRADED,1.4,130.67,jchen
LOG-1797,AST-0036,23-Jan-2025 01:39:00,OPERATIONAL,6.18,$646.46,jchen
LOG-1617,AST-0011,2025-04-16 21:17:00,Operational ,5.67,$575.18,
LOG-1371,AST-0025,2025/03/12 13:15,Offline,,"$1,445.59",kwilliams
LOG-1760,AST-0005,05/23/2025 11:26, op,0.89,$94.26,jchen
LOG-1106,AST-0004,2025-05-03 16:36:00,DEGRADED ,8.03,$855.38,jchen
LOG-1111,AST-0024,2025/01/17 01:02,operational,5.37,454.94,mrodriguez
LOG-1276,AST-0025,04-Jun-2025 13:21:00,operational,6.48,$709.70,
LOG-1199,AST-0006,2025/06/17 21:16,DEGRADED,6.54,543.42,jchen
LOG-1434,AST-0017,2025-03-28 18:01:00,Degraded,3.3,374.38,kwilliams
LOG-1662,AST-0016,2025/02/16 01:17,Degraded,10.86,"$1,217.35",jchen
LOG-1380,AST-0001,2025-04-25 03:06:00,Op.,7.65,926.6,
LOG-1822,AST-0023,2025/04/03 18:30,Offline,8.43,1143.03,jchen
LOG-1055,AST-0020,2025/06/06 14:07,DEGRADED,7.41,"$1,014.10",
LOG-1168,AST-0010,05/30/2025 13:53,OP,11.39,924.14,
LOG-1389,AST-0032,23-Jun-2025 05:20:00,degraded,8.14,$790.46,kwilliams
LOG-1847,AST-0025,11-Jan-2025 16:57:00,Op.,2.72,349.86,mrodriguez
LOG-1414,AST-0007,2025/02/09 00:58,DEGRADED,2.14,$171.88,arossi
LOG-1657,AST-0024,2025-05-03 06:34:00,degraded,3.02,$332.25,arossi
LOG-1668,AST-0027,25-May-2025 07:06:00,DEGRADED ,10.51,950.2,tpatel
LOG-1320,AST-0005,2025/02/26 15:19,OP,10.58 hrs,968.77,mrodriguez
LOG-1488,AST-0002,21-Jun-2025 20:59:00,operational,4.27,376.77,
LOG-1479,AST-0021,2025-05-05 15:39:00,Op.,5.11,467.2,tpatel
LOG-1709,AST-0023,2025-05-21 01:26:00,Offline,10.78,1427.51,jchen
LOG-1836,AST-0032,2025-03-14 20:20:00,DEGRADED ,11.28,1224.64,jchen
LOG-1079,AST-0031,01/20/2025 09:58,Degraded,7.0,684.0,tpatel
LOG-1861,AST-0039,04/08/2025 23:28,OFFLINE,8.04 hrs,$660.92,mrodriguez
LOG-1619,AST-0021,08-Jun-2025 19:45:00,Offline,3.44,350.02,mrodriguez
LOG-1572,AST-0030,04/22/2025 06:29,OFFLINE,9.86,1082.91,mrodriguez
LOG-1763,AST-0013,2025-01-20 15:53:00,OP,8.63,1125.76,arossi
LOG-1842,AST-0028,05/28/2025 04:09,Operational ,,137.41,
LOG-1188,AST-0038,2025-01-14 07:04:00,Degraded,8.48,709.06,kwilliams
